event_id,x_reco_ml,y_reco_ml,z_reco_ml,nLinesU,nLinesV
0,-1743.0103521342835,-1664.3511107073075,14566.507351216307,2,2
1,1724.317359212997,-1595.0791473646275,13686.936186066243,2,2
2,-1040.3959880236537,-977.5472274814039,16872.10582451816,3,3
3,1365.9407525933377,-762.8630600532761,12391.761017445055,3,3
4,-703.0394100263524,-1698.424904085265,14613.991292071876,2,2
5,-906.6116570958932,-1169.30760005254,15765.253215244189,2,3
6,-1555.8869770319798,-982.8150354515236,12877.392605630519,3,3
7,1239.937479782496,-938.706101151227,16124.570822458589,3,4
8,1470.7416057499338,-1578.1961593947206,13064.12280077819,3,3
9,764.5589998752586,-1251.3006887578074,15334.998958994993,2,4
10,-399.81559144345346,-1735.9478841497219,14105.438582150948,5,5
11,-945.078324935516,-1827.6261291746607,12550.507836156467,3,2
12,-2550.0681906667965,-2127.366245982177,12686.73081333277,2,2
13,526.4617239492588,-797.4134165684953,12973.425887453961,2,2
14,1250.5708068951335,-1669.6274200012629,14870.361941442667,2,2
15,585.4596975149213,-828.1895910184624,12392.560817785785,3,3
16,1316.0573938248938,-1098.8613220894586,15297.116175270072,2,2
17,-508.66567031392975,-810.55564463595,13040.36280566833,2,2
18,1316.166638351331,-1585.3129898010416,16112.476896812808,3,2
19,-1477.2366977419251,-931.157666610311,13575.48999648471,2,2
20,-968.53888735416,-765.482219262421,12587.145086043194,2,2
21,729.0475123040368,-1810.0570030552567,11883.454394406506,2,2
22,854.8414891420288,-2073.0374100509493,13356.27968367701,2,4
23,-38.1437682716539,-1401.391334736182,12619.777690074621,2,2
24,526.6685319914384,-1529.1710442044025,12304.835157112606,2,2
25,1280.9109944914537,-1505.7068252029826,14679.780739545911,3,2
26,-2630.7626387105506,-1236.9053493297372,12721.07769658702,3,2
27,-694.660119626962,-790.6736871278217,14495.603990087344,2,3
28,1394.4144191609917,-1951.5944793744434,14018.99001849323,5,2
29,-310.3474466919771,-1801.01951964732,14477.469503559747,2,2
30,456.0463278765116,-1654.6015944299418,15181.113082012065,3,2
31,673.926421660889,-816.438644438679,12250.022383860758,3,4
32,-1469.9440749886166,-825.8721498189138,12790.230920374035,5,5
33,-160.63291464780204,-1249.7078222235157,12154.388809854247,4,4
34,-2545.1718328391203,-992.7572152093358,12907.482734703826,2,2
35,-1051.2685168355933,-551.677507502621,12092.807543062294,2,3
36,414.70739339602534,-1591.7814986164356,12250.35592816655,3,2
37,1826.553286330145,-1753.9213418598736,12805.419286950993,2,2
38,862.8094964702369,-733.6409227691892,12666.883803334644,2,2
39,1315.7609705692385,-852.93498712524,12627.064123680871,2,3
40,-2140.8177388358936,-2203.7356189330626,12869.499242105363,2,2
41,80.22180567025543,-2019.7546497036474,13842.03860446645,3,4
42,815.656561102368,-963.3303132550526,13857.589356437478,4,4
43,-1666.818466072567,-923.0701805702311,14194.368732381296,3,3
44,2054.938459037915,-2113.610022305235,14936.298108271398,2,3
45,2393.883453780539,-922.217673236823,14818.880180375469,2,2
46,705.4264419725126,-1350.9839203971555,12688.040177066672,4,2
47,1239.937479782496,-1561.1993749776816,15178.471664090137,2,2
48,786.2750419503275,-621.448885805875,12800.297373900621,3,2
49,2597.9738322451703,-950.3656085571314,12284.248607750316,2,2
50,-429.4964226440455,-846.0892804737919,12341.80837059383,2,2
51,-754.4539235267123,-1918.757871081093,14718.875556344248,4,2
52,-1024.4013034515715,-1113.1428507101027,12906.114642934912,2,2
53,1303.5554492412784,-2097.071863497545,14034.386971877226,2,2
54,2158.7935241235928,-1164.9314688472962,13711.85672048571,2,3
55,-2550.0681906667965,-2440.3062914840925,12492.258538839998,2,2
56,1327.7093632804654,-2122.7586445194324,12875.276375333508,3,3
57,-1354.1280710719927,-1758.6351375416368,12736.546185311889,2,3
58,-1453.4140232296804,-667.497605005242,15562.874182101212,2,3
59,-434.86109868836235,-1562.0034767494922,14778.59319454055,2,2
60,2491.767557061213,-1113.5457420483604,13825.93627530149,3,3
61,-842.6097955637567,-1209.1164403833357,12778.163431557421,2,2
62,489.9942345806919,-1656.3599126085992,12541.419086556623,2,2
63,-1865.6494351866536,-1562.174117604803,16010.271823654035,2,3
64,76.37390933939145,-1047.1280097437625,13407.204457344056,2,3
65,-2445.545828827817,-1635.7348257537492,14932.078030975448,3,2
66,-736.0685088234707,-1469.2988847542488,12430.397800077535,4,2
67,2441.4325726860407,-1017.5611478572389,11792.84529500133,2,2
68,258.13711591909475,-1337.5540107242402,14658.089614840683,2,3
69,-715.4901306898029,-333.4197633683343,11738.307001217094,2,2
70,-945.078324935516,-2265.0374465663403,13063.53398913118,2,3
71,645.0196954255542,-445.0775300361759,12736.949255555486,2,2
72,833.1124841457322,-1018.1591406001411,13266.780175103997,4,3
73,2054.938459037915,-2207.3001589736054,14969.754806406583,2,4
74,-339.73213584965475,-1955.156392516811,11979.509625874285,3,2
75,-1292.8953990371608,-1080.1245633434996,12349.101385112268,5,3
76,-1813.746543195787,-1289.8084807245118,16293.123758855689,2,3
77,1671.784029622858,-1867.5086154621515,12023.915520138202,5,2
78,-1534.7031580838068,-1302.5970779224292,14805.209534702775,2,2
79,-1886.0143947240165,-1854.4788538599146,15016.405911642694,2,2
80,729.0475123040368,-721.8840303164969,11905.447424535932,2,2
81,-269.12557268772224,-2270.476787506694,12912.407514178642,2,2
82,1840.2751901305571,-1757.9252412105384,14090.0900018757,2,3
83,2055.149837511323,-1365.6493630037473,13505.30180197788,2,2
84,333.90135578859616,-1822.6631356197156,12645.579478275617,3,3
85,-1559.7519242978797,-1447.774020692989,16501.707211061905,2,2
86,-1899.3995606507885,-1173.0131165786272,14794.018234377416,3,3
87,-689.3870465046556,-801.0522611073949,13037.449899205058,2,2
88,577.0272456050652,-706.7420785818201,12961.281653644572,2,2
89,620.5548542641167,-1522.9858884690616,13080.892552417128,3,2
90,736.2980215323281,-1287.5959397107652,12654.498217411898,2,2
91,-1492.9770849467109,-892.1282815643734,12678.707301642971,2,3
92,1722.48831448845,-901.7167632452073,11967.275889526574,3,5
93,1881.6757534725568,-581.1858677201305,13412.04731683608,2,2
94,2067.0568702140904,-2119.273554339966,12696.880063625707,2,2
95,655.5878573414305,-2310.780303748432,12851.672770597812,2,2
96,-2499.363906873149,-1662.7600928515778,12616.434408475405,2,3
97,-2605.6001122035054,-1441.0555291768496,16360.3447516631,3,2
98,-1147.3070412623738,-668.5733807483749,12445.008112582429,2,2
99,1859.5993321917672,-2170.407293693312,12252.678868341773,2,2
100,1303.259025985623,-1875.9931329181047,12566.27766969891,2,2
101,-673.697093159928,-718.2518979506981,11779.739102275023,2,2
102,-1538.0350620069103,-1607.9646888707239,14876.952189180072,2,2
103,-2491.540254922863,-2051.5463568216414,12034.30828718612,2,2
104,899.6506435629838,-976.8161118769948,11754.212636249375,2,2
105,1035.067168567613,-1449.6445058040972,12776.44993642932,4,4
106,920.3757634084345,-1184.6500562250724,11972.826146426334,4,3
107,2710.742399200068,-1752.8394255044086,12652.900156181293,2,2
108,1506.4759748810704,-1437.829446230037,13116.758602348884,3,3
109,922.5946985396672,-1559.953827441698,12542.749892158203,2,2
110,1269.5404266988735,-863.4236088761235,12996.69990144436,2,2
111,1422.607997258584,-1030.9025621528183,14035.290847910064,2,2
112,-754.4539235267123,-1545.4269517689172,15629.40600561907,5,3
113,-1714.3263247969287,-1210.111420487346,12869.134402523961,2,2
114,-2666.1715938404213,-1611.0951460089161,11853.284102057012,2,2
115,-2308.594090078772,-1081.773575252657,14581.403566196701,4,3
116,-1455.5864974496662,-1281.2348558395788,14791.88388278727,2,2
117,-2537.191908193385,-1659.084785510401,12252.678868341773,2,2
118,446.1623487976365,-1883.1244850057694,14796.613861598298,4,4
119,-695.094994114513,-630.3748406932123,12876.146349148801,2,2
120,1239.937479782496,-1188.3853970316106,16293.123758855689,2,2
121,1822.844033203703,-1375.3583989290594,13106.721808373795,2,2
122,-1051.5100437492968,-598.0855641080589,15097.32995733939,5,4
123,2196.231496898432,-1395.8657116884688,15512.576639863839,3,2
124,2380.849915585022,-1251.9756875973844,15039.079259579681,2,2
125,1024.4543583325194,-579.3809831815869,11774.736224081196,2,2
126,999.5152419229561,-1386.5855066995866,15568.799887641113,2,2
127,446.96864667739555,-848.9026668328705,15539.39332884598,3,5
128,1350.6623032025686,-1598.6178281411867,13003.366481386629,2,2
129,-31.838411345780575,-765.11700485309,14555.677978979364,3,2
130,-372.8853753086227,-1189.0558563494594,13924.678572731844,4,3
131,-2350.1931903057352,-2337.156922330938,11907.015988805224,2,2
132,1378.8800898666614,-1982.680522174311,11906.268444881032,4,4
133,-1899.115176164173,-1603.017051892925,11831.161329361788,2,3
134,1239.937479782496,-2057.085876696727,13845.852719798702,2,2
135,-2701.238967165711,-2122.455629839834,12922.710321228964,2,2
136,-419.955699032529,-1512.465440258234,12849.705150966369,2,3
137,-1512.9054023036726,-1802.8177048630312,12754.848784396527,2,2
138,642.900757585453,-679.16035189719,13487.581717151957,2,2
139,-1991.2170736615026,-978.561457782509,12401.123427949431,2,2
140,-2074.0110557830503,-1285.579211070378,12952.298293332748,4,3
141,2514.6010942720864,-856.083309852032,11767.292340167249,2,2
142,1391.8808846116362,-2101.4099813516705,12786.18694324722,2,2
143,-1495.2925056881043,-1783.7270267461556,13342.756474747664,3,3
144,1315.7609705692385,-2056.033322030626,12647.30559384632,2,2
145,1888.8475329776998,-649.0179098418569,12509.332049474842,3,3
146,-965.0066422924779,-2054.9710323458958,12902.567774902598,3,3
147,-754.4539235267123,-2245.5804615800726,14864.976811859206,2,2
148,-379.1295388765906,-1271.4485098543948,16089.96060074712,2,4
149,1321.2743214497038,-803.1245079119213,12751.314251506074,2,2
150,-62.11583521964693,-1351.1119263676142,12739.003554369814,4,5
151,-1540.7279972182237,-753.154976645587,14242.915186536464,2,2
152,-825.0604866886449,-1613.8204166657674,14706.680268456355,2,2
153,-2178.1874087815845,-914.8565938803532,14676.30681054554,2,2
154,1315.7609705692385,-1677.416193086976,12355.528162880502,2,2
155,1835.925625557515,-1663.711190621764,12216.183287115282,3,3
156,1696.4612579217148,-1857.2125519028089,12126.953131435195,5,4
157,-607.8235811795403,-779.536566137416,12430.920783390038,3,4
158,-708.1564178773455,-2116.689390977123,16464.722220931133,2,3
159,-914.8035029649179,-756.6738770137645,13899.393608234051,2,2
160,-269.12557268772224,-1204.4575967368091,12475.36150593126,2,4
161,-160.63291464780204,-793.924607573004,11789.224783383777,3,4
162,2503.532068484461,-2078.773315773423,13051.12930230361,3,2
163,24.24368225716522,-1784.7956225887253,12248.892819874125,6,5
164,-833.5699292758743,-732.2932453121014,12259.742030668862,2,2
165,-354.1234887413921,-882.5553701345609,12242.564395183483,3,5
166,-2633.455573921864,-801.6272324391698,12367.337579220095,2,2
167,2445.800826199076,-1832.9264208660004,12377.144589517502,2,2
168,604.5894858670895,-886.7266584355154,15444.014929085768,3,2
169,620.5548542641167,-591.9894772016082,12225.373558717192,3,4
170,1835.925625557515,-1698.0059952852316,12788.142209679716,2,3
171,420.41283028242253,-2133.5444438880118,14904.3323048425,2,2
172,1433.048996049986,-1846.224253013626,15181.794387651336,2,3
173,-485.82921101291674,-1241.8706770483734,12149.32862967306,2,2
174,2480.687315001766,-1584.391637843831,11775.466156971519,2,2
175,1871.602426614023,-1096.1107919146216,11809.081543063849,2,2
176,-2099.345504641017,-1787.3410541906353,13800.921854276232,2,2
177,-948.1564589779861,-1414.6782701845552,12362.395554295934,5,3
178,1457.3711079726304,-1308.2377895907364,12157.975672486426,2,3
179,-305.5736757305107,-1747.7279458126695,13014.455158417028,2,2
180,197.01881116595567,-659.6889803005403,11905.352101470738,2,2
181,-870.3488465228024,-1031.3461335756276,14519.655191430804,2,2
182,-2053.9761104944378,-1749.0266216634423,15164.259368712259,2,2
183,1894.4471800967185,-1431.7625887157153,14289.513740116041,3,4
184,-772.0032324018241,-916.8238519358866,12748.3747198643,3,3
185,714.5939191635615,-996.3623728488076,15343.384150363743,2,2
186,43.92801690827862,-1216.837272912152,12505.409871535421,3,4
187,620.5548542641167,-1376.1215056537887,12255.608506601731,3,3
188,-831.0914563853629,-1369.7848074455023,12717.096676264893,2,2
189,-1369.9256064461708,-467.3732739502059,11907.69318233191,2,2
190,1207.0161499482936,-549.0659940486842,12505.409871535421,4,4
191,2042.436514454299,-1513.628821810797,15681.973635806711,3,2
192,-1879.0563014406553,-1103.7295729252464,15963.849755258972,2,3
193,-2560.652470612029,-1700.5662038221576,12319.999285205131,2,2
194,-871.8674005651375,-1205.0950243360855,14786.307719998826,2,2
195,1291.3519932828558,-2079.8446408190466,15216.624342115725,2,3
196,-2235.7116080244914,-702.0257885018098,13243.410767523508,2,2
197,-2501.7166012547336,-1086.2785077010506,13380.16117577077,3,3
198,-1555.8869770319798,-1220.1710587038035,13579.085402597853,4,4
199,811.3138804829773,-1500.8846440855639,13056.25134537286,2,4
200,-901.2063880224297,-1615.8479100152947,14424.636372210682,3,2
201,-1516.437647365355,-864.3094574316852,12663.932392274648,2,2
202,685.8015069112794,-1239.0546114723707,13125.57156845419,3,2
203,-573.8535279930885,-1088.2635686955266,15353.585044686073,3,3
204,-1511.3624996499525,-1781.7535483660502,14216.186121790875,3,3
205,80.22180567025543,-1014.0824770889534,15281.535086914877,3,3
206,-685.6513874374582,-1061.442612569885,13160.569938618157,3,4
207,-2392.731426459779,-2036.8761998447626,14295.466286613746,2,2
208,2435.1960138963314,-948.9602758263767,16474.716910588362,3,3
209,-2622.7827140648155,-2094.773722148474,11994.883067699671,2,2
210,-754.4539235267123,-1793.4828040330392,14565.107027549677,4,4
211,668.8804396961636,-1603.152348522452,12212.044956623467,2,2
212,686.9953472880258,-1403.3342770560012,14671.772114515048,2,2
213,-2140.3744002616286,-1903.2704376792808,13528.157276315193,2,2
214,-671.0041579486145,-936.8495459272018,11923.580370335489,4,3
215,-947.8461480338141,-884.0371220196337,13440.575979263294,2,2
216,-2072.1764037572075,-1208.2297239136258,12640.73976207917,2,4
217,-258.9329331916171,-701.5852888431101,15495.8809487003,3,2
218,-855.1970183201852,-1358.350342493007,15127.067640245981,2,2
219,-935.0678538904435,-1255.686467241908,12266.922622276274,4,3
220,-223.80020019809933,-1719.7797547207213,14332.713769539749,2,4
221,544.7313634773743,-831.9988002069459,16066.196588676992,2,2
222,188.13016556735846,-1598.404299838235,13741.133539406048,3,3
223,-628.6721595460285,-1657.8376306074795,14060.675500067564,2,2
224,870.088894026653,-1487.2108898777324,12229.954090729057,4,4
225,-2681.310649808749,-1692.6363634874822,12674.151144614092,4,4
226,2030.7398406193695,-1827.1489432615326,13118.000370457603,2,4
227,2130.263099663298,-1702.7600678207161,11823.653317184808,2,3
228,620.5548542641167,-1822.6631356197156,12759.65228898156,3,3
229,1226.5362560170593,-894.514334531211,12365.29945024488,3,3
230,474.18610859642865,-2088.51848104829,14918.788264165158,4,4
231,1811.5166482711325,-1675.6397822691392,14497.73642709661,3,3
232,2516.2386213594514,-928.4380324678762,13299.231602995656,2,3
233,-1907.2745283148715,-1288.5579873133931,14553.57331519629,2,2
234,713.1444863748986,-1742.1730218654295,16183.54311497014,2,2
235,2710.2435490387084,-868.6428120663745,11765.833132781354,3,2
236,-1138.3777157637883,-1511.7980153505698,13457.797513839645,3,3
237,-389.84702871866415,-1377.3908526092998,14696.807767054477,2,3
238,-146.72244722335276,-1879.3083800124136,11762.516195619442,2,2
239,542.0384282660608,-1188.6298798848989,14963.648667784391,2,2
240,911.1953809211569,-613.6306485297657,11970.557922529422,3,2
241,1847.874018268742,-825.2986612872537,12255.608506601731,2,3
242,2653.4675090987666,-663.8986605103335,12422.926864125402,4,3
243,-805.5451434389137,-1294.1720779593945,12438.379208108046,3,3
244,-1562.708341014401,-1707.4172662775768,12962.616627338708,2,2
245,-798.1639707383785,-1124.458543088667,15830.773902161294,3,3
246,585.4596975149213,-695.6938374409416,12794.274003882976,2,2
247,-695.094994114513,-508.949442739398,12381.047412873282,2,2
248,1722.9871646498095,-455.77533557988164,12252.533436586667,3,3
249,-2751.5661181304727,-1663.7999902086242,12781.675791635924,4,2
250,-769.3626904177953,-2065.5296695948814,11699.460565645999,2,2
251,2468.324340416291,-2265.197792620856,13596.216361146486,2,3
252,737.8428797448644,-1598.601107717279,12653.067078150261,3,2
253,-544.3598626897872,-1394.084439898782,13448.762688191098,3,3
254,2054.938459037915,-1689.899736734758,15239.096673276037,3,3
255,-2630.7626387105506,-761.1670084103181,12186.833630293588,2,2
256,2171.7354645336154,-675.2613806476691,12907.482734703826,2,2
257,1191.3481359584948,-1393.888933327316,12017.344182806917,4,3
258,-257.1771799764951,-1736.9782600456285,12681.65247710057,2,2
259,-929.5780348306517,-1085.7102115982818,13975.437077938215,3,3
260,-2623.5558425174268,-1429.81927745717,13003.731552740759,4,5
261,1740.3140270834738,-1717.6663489602156,14209.441551104244,2,3
262,-566.3229510240235,-1346.789020639464,13608.137067127444,4,3
263,1269.2893928062435,-754.070639156026,14852.154274373,3,3
264,2526.2640396435695,-1539.5501580866046,12433.714479345532,2,2
265,-671.0041579486145,-1834.9326579772405,11756.330705182281,2,2
266,-1666.818466072567,-1607.656922701484,14267.357246579595,2,2
267,-1578.177583047602,-1338.255399342455,12053.094367566158,4,3
268,-393.5740217588531,-1641.3381447172849,14713.46768743765,2,3
269,-1538.0350620069103,-1671.1653873545872,15114.169761566496,3,2
270,-1007.9882170207851,-2079.174929766151,13230.011422320373,2,3
271,-945.078324935516,-1398.5276933557882,12316.456773845115,2,2
272,-1263.0314948191933,-752.030854181612,15553.842641286832,3,4
273,-380.9540098539096,-1815.616457513966,14420.961857481463,2,3
274,-2643.364367552645,-1919.4584002740874,15177.389403676712,2,2
275,544.7313634773743,-882.7297397087887,13850.125665102207,2,2
276,1859.1004820304076,-2066.8558542583473,11884.759290690072,3,2
277,-21.104192090214198,-874.7797065384893,12679.06413136064,2,2
278,753.8728204124457,-1652.5331231988619,12333.205623796148,2,4
279,713.1444863748986,-1525.1973458606017,16103.235921679992,2,2
280,-196.45164610397723,-1014.8563883612297,12984.68227772869,3,6
281,1168.6730470358957,-846.5264101842424,14186.707321718211,2,2
282,-626.9263087070412,-806.538612165964,12627.57428288458,2,3
283,-2595.7198439373187,-1666.9179042561395,12413.698164414194,3,3
284,-1157.367723992114,-767.0773012936401,14043.631102804457,3,2
285,-950.5390832451276,-819.5218407107309,13484.548542598362,2,2
286,-1477.2366977419251,-883.9123793356272,13016.4007984474,2,3
287,1437.1259194071565,-933.0806304185096,12741.441027845589,3,2
288,-247.5149218392795,-1210.150840340406,13378.317897305586,5,6
289,1156.1711024522804,-1204.783376916677,14065.876137862395,2,2
290,-377.3365529729966,-974.1982070679055,12197.588982101055,2,3
291,85.6728562400157,-1809.556216717688,13537.574619958777,3,4
292,-1545.803144933626,-495.629199367942,12810.311700233882,2,2
293,2386.038265591541,-2038.7667609867487,13649.11107587188,2,2
294,1760.1021347707726,-1386.949169868887,16113.185705704103,2,3
295,-327.9404091836037,-1024.0508751285763,14758.408941839609,4,4
296,2562.9872279811116,-957.0740623309493,12623.785308091923,2,2
297,-632.1162274061976,-1677.088394610886,14145.797842314305,2,2
298,580.7266463333765,-760.187965792372,12641.18739941128,3,3
299,805.360514838484,-1817.7500409024394,13698.770551642052,5,3
300,-1917.5005908674145,-1159.132771532416,14317.140938960754,2,2
301,566.6484626768802,-1255.4276308146848,14464.169622915817,2,2
302,-518.834718393666,-698.7745481998246,12544.282419046904,2,2
303,1391.8808846116362,-1216.4202197070517,12363.523463887843,2,2
304,827.1144077163237,-880.4702478389582,12942.987523889087,2,3
305,2407.444044589083,-1682.1355683347872,16291.300142469367,2,2
306,-1542.7800236574392,-1701.6601623373742,12398.767497699204,2,3
307,-705.7323452376659,-768.1274000305616,13800.841939524145,2,2
308,713.1444863748986,-1628.4727339560516,15531.257650489875,2,2
309,-1571.433338047606,-1196.5360069038788,12005.187963539183,2,2
310,1280.9109944914537,-910.7881729479992,16036.502692303207,2,4
311,-258.9329331916171,-1760.0118792335725,14914.57832158807,3,4
312,-955.7511847925643,-507.69097828698034,12986.128379122985,2,2
313,-1731.5579378929929,-507.0274770372825,11684.263594478283,2,2
314,-813.6416119189124,-1218.1156021662266,13598.002739223764,2,2
315,1409.7122669531263,-1326.0759626779757,15107.317989997904,3,2
316,-486.0775703082138,-998.0772351468204,15140.047327046415,3,3
317,1367.308718517354,-696.7233051461714,12477.602363144197,3,4
318,-1100.8028936417206,-1085.8327785890112,13533.81073915561,3,2
319,-1922.575738582817,-1028.0106953637185,13035.508355600727,2,2
320,-1021.6995846599368,-976.8274408112424,13017.745752446492,2,2
321,400.430915085438,-1357.9807870965103,14633.459699693629,2,2
322,-1642.131999667662,-774.5196276446783,12319.931304278662,4,4
323,-2082.7077761617124,-511.7892852178196,12835.86038185534,2,3
324,-2751.5661181304727,-1924.4928408849696,12712.990635951262,2,2
325,1538.7471381857272,-1208.0734513146056,12166.336234581926,2,3
326,-1609.3693322969093,-1103.646680673673,15196.473605960662,5,3
327,-794.5135300380344,-1577.5412820383253,13907.619407838223,2,3
328,620.5548542641167,-903.7230598089487,12069.272366873329,2,2
329,776.4660325780255,-1437.9252665790727,12013.135425711216,3,3
330,-2025.723208328679,-798.1808007087222,12353.337583117982,2,2
331,-2681.310649808749,-2326.628927083472,11768.745067006947,4,2
332,-736.0685088234707,-1672.3787029477567,12907.538493888109,2,2
333,-736.0685088234707,-1589.1717900200601,12703.357611761097,2,2
334,-1566.2405860760832,-1484.4278691150903,11832.928709904316,2,2
335,753.8728204124457,-814.6240620910062,12026.421472237962,2,2
336,544.7313634773743,-2061.6459661899626,13904.795541550884,2,2
337,2215.351778424068,-1401.989778033305,11808.394512837596,2,2
338,1874.0471682306547,-2013.7276240059912,12719.133653244795,3,3
339,1327.7093632804654,-694.4813221408486,12287.098431071026,2,2
340,-104.6585782678303,-1433.8892322929148,15397.679656932829,2,2
341,429.892069244901,-1649.9700913047056,11749.994400365964,2,2
342,-736.0685088234707,-551.2263451129216,12242.200434680139,2,2
343,-2637.20148691386,-1194.9097550179756,12934.495677103896,2,2
344,1837.2513006975978,-626.4872782646083,13916.763956252857,2,2
345,1430.9036888747714,-1952.3457892729346,12252.511590537732,2,2
346,-257.90804047458647,-572.660097804968,12140.40689906894,2,3
347,285.6406959479998,-1069.345786183282,13678.342071150166,2,2
348,-1519.6496473036686,-1522.4862231902548,12270.17797374145,3,3
349,-2154.864495651125,-542.7811976231512,11929.690788738042,2,2
350,-377.3365529729966,-978.963625943525,11754.212636249375,2,2
351,2559.261885491907,-841.8264495088001,11907.487979373074,3,3
352,-310.54256549341085,-2034.1163738690113,14976.583429459364,2,2
353,-881.6982235673955,-2016.375581311492,15150.62079328098,2,2
354,-787.0485893169142,-1716.3382572886553,14623.377378478715,2,2
355,2317.5246001075316,-1650.6994300245235,15097.439896613425,2,2
356,699.115466000482,-1078.7952057384837,12760.4433467315,2,2
357,544.7313634773743,-1632.7926913040903,13505.30180197788,2,2
358,641.8640265880122,-962.8074353174854,16216.519095618934,5,4
359,-2615.6481612942807,-1543.3424332311768,12953.878972742534,2,2
360,-873.8299882559603,-1044.0255973164685,14101.421337620024,2,2
361,-2700.3682985805785,-1881.8968730144722,16405.56935246104,2,2
362,2574.9356206923385,-1064.2232852621266,12737.128699570605,2,3
363,466.18407480797873,-1522.3742432258982,15135.638449062275,3,5
364,-981.454469524801,-1515.2734378518426,12012.537310084776,3,3
365,2052.2455238266016,-932.3418368392748,13895.5794929018,2,3
366,572.8855828751882,-1385.5315972684587,14596.312879079758,4,3
367,-1917.5005908674145,-1632.4623764811495,15065.847869975414,2,4
368,1391.8808846116362,-1752.8394255044086,12641.870571529786,2,2
369,-2013.8383262297777,-536.7880579170256,13545.459034180463,2,2
370,-1097.9353901282068,-1131.4623931426056,13119.394843769776,4,3
371,678.0493296257033,-1930.1329023679114,14318.081668672243,3,2
372,-2473.9364220899347,-1471.4520705616671,14761.883832706855,3,4
373,-199.0530829143754,-1374.737144837656,12880.311537367585,2,2
374,1647.163673863067,-863.0392519936864,15406.340844751321,2,2
375,544.7313634773743,-1152.0665579619529,16499.456589374382,2,2
376,2352.9099390715814,-1040.4941604232245,14053.599099614748,4,3
377,-2642.7110314217775,-2153.0624380850163,12701.961051299755,2,2
378,-2701.238967165711,-2198.5883177246224,11774.351310691774,2,3
379,61.7998099101346,-564.9424186777504,12091.13057067043,2,2
380,-253.80585911754167,-1672.7352512231557,12000.922899002499,6,4
381,1338.555123729913,-1059.1722304273642,15525.658314837889,3,3
382,-711.9365621895546,-1476.9432380234484,14044.510690882968,2,2
383,1671.784029622858,-1226.7368323772655,12846.266904499702,2,2
384,-2499.363906873149,-2190.5849942379255,12063.298975292728,3,2
385,1760.1021347707726,-1135.880769941275,16204.432233297064,3,3
386,-2538.7843370278097,-1193.6385757272492,13850.125665102207,2,3
387,-1598.3205772959684,-1464.5549774508804,14016.830570203903,2,2
388,658.6763969372563,-1679.225612708145,13278.412597088043,3,2
389,1324.9287662891018,-755.8972200165166,15730.86469859221,3,3
390,-1743.5028020355926,-1552.5828084678258,14047.984307323894,3,2
391,-467.6921556049721,-828.2077184378253,12877.00256103142,2,2
392,877.3016078797508,-961.5242222363387,15228.923534096371,3,4
393,-794.5135300380344,-968.8990120952925,14830.37145813308,2,2
394,1933.4537977478692,-1097.9310429470163,15215.70903437614,2,2
395,2455.8223958326753,-1808.6511473594949,13753.475861588806,2,2
396,-358.4916087519574,-1773.7667260606504,12804.048017357656,2,2
397,890.9021485450405,-1824.4116505521988,13921.839711675108,2,3
398,1898.6073521652297,-850.6366403574106,12427.009446784652,2,3
399,-2138.049915737595,-2161.130523203315,12810.787073980453,2,3
400,2433.2988816154602,-1363.6362405857801,12735.29172871779,3,4
401,2445.800826199076,-1499.139630981112,12704.967124261464,3,4
402,835.5955411428024,-1595.1996191488624,12607.312320503912,2,2
403,-2630.7626387105506,-1703.6133832354094,12858.025619746444,2,2
404,-794.596444567404,-1919.3906055507302,12858.28351365036,3,2
405,280.3466365151613,-1097.7420598062306,15510.263468892192,3,3
406,-1027.0214047600305,-1139.9498262341565,15976.649698127376,4,3
407,-915.4498474776536,-843.0868634283198,12092.023272421668,3,3
408,-1194.896997838974,-976.7399060069074,12758.6057230928,2,6
409,2352.9099390715814,-2074.6693675307233,16070.916903296287,2,3
410,-215.06610659664543,-770.3448760486741,13475.968240710428,4,3
411,-298.7586211406971,-1201.5647316863895,12805.862294505638,2,3
412,-786.5816115010937,-715.4813076981403,13730.515976017336,4,4
413,1460.063423842008,-1469.4202949328892,12538.93577682595,2,3
414,-302.2026361794257,-1129.298662302765,15798.70517470782,2,2
415,-126.226416666748,-871.2388990412994,12117.749784239957,3,4
416,854.8414891420288,-941.8391593976445,12893.381508793467,2,2
417,-623.8455400621718,-1366.025900409468,16133.497237691205,2,3
418,1000.4177044501647,-941.5145522994414,14681.560023969027,2,2
419,138.27382972599293,-853.2270528923169,14754.853846867501,2,2
420,1837.2513006975978,-1174.4619150442895,15404.460785756282,2,4
421,-228.15205797876447,-515.4549166193317,12759.892763906557,3,2
422,2574.9356206923385,-2031.9154327169538,12770.076370921664,3,3
423,-736.0685088234707,-977.8446456113245,12789.922146804163,2,4
424,-2360.4981796893735,-1978.312708711616,12290.29635614614,2,2
425,-1543.1102097223127,-1789.4380063817018,12974.227203154976,2,2
426,276.46859242720546,-1134.4961440038428,14528.641704620106,2,4
427,-442.79215833354203,-1022.3706630882226,14261.258710123468,2,2
428,-430.0340265898374,-1372.8449156683753,13397.810099194829,3,3
429,770.0210270129944,-757.2392911579368,11767.292340167249,3,2
430,2541.6435178266247,-1741.4777852216919,14369.288596712688,3,3
431,-1859.537420200775,-713.3990206554321,12495.513980675702,2,3
432,-1581.0937557176426,-1421.647206635091,14172.211221690182,3,4
433,-850.5068968874095,-1812.425054669432,12887.642535255736,4,4
434,-870.4573935193737,-1598.124495698202,13937.872023215661,2,2
435,-419.202533400672,-891.0843389407394,13505.30180197788,2,2
436,-2491.540254922863,-2323.915320427639,12676.191157972922,2,2
437,-2547.7160255385547,-838.6666045850918,16081.593679066093,2,2
438,-812.7010759609507,-2167.8567833115826,12139.317030464346,3,4
439,544.7313634773743,-1335.687118851107,16604.62109311197,2,2
440,-1767.6322210363921,-1331.6538876831405,12177.533520148498,3,3
441,788.967977161641,-1696.8140753105529,12858.370505138597,3,2
442,-569.1547924668392,-861.5613658754469,15181.783959893775,3,3
443,544.7313634773743,-1924.9250620485916,13806.170491070945,3,2
444,-2516.701513896192,-1260.641597249664,13770.870034079555,2,3
445,2076.677779393815,-957.0938872078291,13354.976849942646,2,2
446,-1447.0318903232849,-1092.9538756595764,12826.722236732137,4,4
447,-296.69508317028004,-1877.070167806068,13124.550343041412,3,2
448,-1559.61650696131,-606.2369343074868,13539.764026029237,3,3
449,-1378.7058992153795,-1230.3358823736512,16428.134733962328,2,2
450,-2157.978233094557,-1790.848216843911,12448.32288732518,2,2
451,2562.488377819752,-871.5685989610317,11966.157840923202,2,2
452,2106.3529725382746,-1519.3044054811785,16604.62109311197,2,2
453,-1611.7515448009983,-1088.4592885757688,12215.514805163792,3,3
454,728.9397752548379,-1522.049850885566,12725.656320424241,3,5
455,-537.3948851343331,-1025.3735452050144,12175.544242664271,3,2
456,-880.0634221371523,-2177.110312137164,14841.456972432192,2,3
457,1722.9871646498095,-661.8740927107921,12774.349316225169,2,2
458,1302.7601758242636,-1397.4423518451642,11793.475154673151,2,2
459,1667.9898636539165,-1887.8299364037641,11980.37169633769,3,2
460,-2593.0549491287006,-788.294825519853,12453.123383900644,2,2
461,488.75723333671294,-1271.7962368862504,14906.260207028376,3,2
462,-1469.698929690875,-1195.552966602298,13203.376302949691,3,2
463,2710.742399200068,-1693.8319924625494,12595.66241588422,2,3
464,-1222.567103895731,-1225.5094539311483,15079.629607011902,3,3
465,-1052.0333920744054,-1965.1286445768903,14904.3323048425,3,2
466,-92.61939532489674,-1592.7446855750457,16275.728577035465,4,3
467,-2472.977705435744,-934.5570756124616,12944.021052367996,3,3
468,854.8414891420288,-1405.0616356457713,13373.631880381181,2,2
469,2394.5976911721236,-1720.8838569534357,12719.64412796166,3,2
470,-724.1201161122436,-1530.5291458016798,12389.042713880623,3,3
471,1784.7224905305636,-2172.746676237326,12659.590656355707,2,2
472,-1511.3624996499525,-779.745586778577,15053.605242297626,3,3
473,-794.5135300380344,-1000.6098262414995,14757.808572098258,3,3
474,-602.5891444172623,-1521.5738885796304,15126.929680732012,2,2
475,-756.456871386198,-724.8905144272619,13488.066642333213,2,2
476,-269.12557268772224,-831.5273810854745,12678.707301642971,2,2
477,515.0983150243992,-1248.5884418908054,14185.907543781152,2,2
478,-2701.238967165711,-790.3515952618055,12930.79738186472,2,2
479,-29.107998737057223,-829.2998712081693,12988.86665277564,3,3
480,-223.4015859614717,-648.9566956429743,13364.740366809665,6,4
481,-666.5980817848075,-1359.9384025567497,13982.591839535222,2,2
482,585.4596975149213,-1884.5399757271593,13046.532429909672,3,2
483,1324.5175779077924,-841.5835824687723,11768.23188115029,3,2
484,-498.4759598866565,-2101.4888523941895,16574.488450833192,3,3
485,-1525.2670713671255,-867.6072469094441,12829.232700850815,2,2
486,754.3821525031996,-782.8994630912063,14985.87543560843,4,4
487,-65.7182296696719,-1792.0239474450932,15393.181554015484,3,2
488,1381.6344825496262,-1855.2270394133923,12287.414053458746,2,2
489,544.7313634773743,-1247.2203679206025,13489.506595925532,2,2
490,2282.364684190636,-1633.9668807825303,15951.839338036625,3,4
491,-1726.372623654979,-1510.2032175705083,13012.73288480543,3,3
492,1039.9483018933236,-618.1452515269888,11692.754699716099,2,2
493,-1114.4989010983002,-1498.9195533845664,13687.856086516156,2,2
494,-949.3177116026093,-1709.4280524790956,14996.001136285711,4,3
495,1239.937479782496,-2157.896290322811,14490.430726950495,3,3
496,-832.4507542845996,-705.3150041653789,12690.123424277705,2,2
497,314.72780043486284,-1236.276897127171,13971.483880059617,3,3
498,1858.2715288788513,-2062.3875128962454,12886.691344405868,2,2
499,-22.161444825052683,-1231.2374650670652,12532.57393601536,3,2
500,-2383.499884329067,-1200.7308096728484,16312.937325085994,3,3
501,-1940.9611532860586,-1660.935336751179,15110.509759091103,2,2
502,-904.6810227256304,-776.3668312990069,12779.782791472968,2,3
503,-2591.9498540522854,-1106.4816424095666,15361.316230037268,2,2
504,-348.3601579539229,-995.2555497406931,12451.98612157737,2,3
505,1232.7123753389,-1386.833429032974,15930.401843059077,2,2
506,1315.7609705692385,-2177.2734837349353,12155.197345634902,2,2
507,550.6665156223404,-2319.298478096723,12772.333905400526,2,2
508,-360.6604760593844,-1227.4376449838821,13363.435505492214,3,4
509,-161.32157341594322,-1540.557771388146,11826.80162788977,2,2
510,-1043.1916512619607,-1119.761875728325,15774.232328369118,2,3
511,-922.5936927307341,-864.4867831178526,13172.014462205558,4,4
512,-566.9391861069191,-1272.6430993746214,14703.736499307699,5,4
513,-1069.6539315388347,-1557.905875402593,13699.028360613482,2,2
514,-221.85706763094137,-1863.8041916319096,14809.831996119241,4,3
515,2610.4853128821505,-1723.170700444385,13997.769131962646,3,2
516,1303.259025985623,-1168.8263968740296,12778.163431557421,2,2
517,820.4384625800727,-736.4873420683193,13694.369185125754,2,2
518,21.860998486275015,-944.5398225097388,12896.77021610714,3,2
519,290.3737471295446,-1853.8099869030762,13063.53398913118,2,2
520,-811.9390097396639,-814.982907840257,12665.712574289424,3,4
521,1679.459555990758,-1601.5438020056838,13036.202801967147,2,2
522,-2157.978233094557,-1290.0827375875083,12128.777327073167,2,2
523,1239.937479782496,-1333.2430809397458,16156.367228480085,3,3
524,1871.602426614023,-1509.2272305294557,11768.23188115029,2,2
525,-329.407046308789,-952.5277681688021,12615.19639740328,2,2
526,-689.92997140206,-1766.7074203056557,13045.47499709629,5,3
527,-1055.5656371360874,-1544.9136663733175,13899.221785240892,3,2
528,1722.9871646498095,-1174.4972135265639,12131.142785426002,2,2
529,2054.938459037915,-1513.0643603461813,13912.88260218664,2,2
530,1217.9327026350547,-881.3397113059773,15408.119135508485,2,3
531,1391.3820344502767,-1326.1445525330942,11711.361741614008,3,2
532,693.8985383756723,-1076.8795803769626,16039.42797828126,2,4
533,-648.9059607807876,-1908.5478602470862,15103.45151504276,2,2
534,2282.3936252886956,-2328.523722458477,14397.500452932667,2,2
535,-1739.2530123141769,-659.5987531141234,14456.563578168314,3,3
536,-90.9667005517226,-1168.4979263755563,14991.870478396932,2,2
537,-2550.0681906667965,-797.3259100981335,11826.80162788977,2,2
538,544.7313634773743,-825.4124904341363,13665.588566699871,3,2
539,-456.2429701889188,-1547.4870771665242,15651.564963182289,2,2
540,-728.7229325870162,-1444.9665862237036,12898.724961156115,3,2
541,-1040.3231376824285,-1536.823540137414,11804.584218521148,2,2
542,-1523.4968773522571,-1192.9353097058888,12855.858138765845,2,2
543,-1935.0498997425263,-2186.0485765070725,11759.205279531492,2,2
544,-1624.2257059607077,-1973.3719541151395,12743.662991545787,2,2
545,243.20173665470486,-715.555928160343,14032.11406969995,2,3
546,-971.2318225654735,-351.2690611907865,12730.84562456565,2,2
547,2110.3645341876722,-1776.8359627865104,14508.438097985667,3,2
548,-754.4539235267123,-1716.3387376734538,13914.966438813046,2,2
549,737.8428797448644,-1660.3835524714384,13251.03704623735,3,2
550,-527.0510850171713,-1650.2143740091858,16102.698179933432,3,2
551,1221.8414338912114,-1437.938794594828,12794.05452620935,3,4
552,-1160.8884787831003,-1352.6160994780614,15490.214018344794,2,2
553,2130.263099663298,-1992.453856723691,11857.935144413726,3,3
554,-1149.1420346388484,-2459.878605788155,12617.551535659,2,2
555,-1930.5556632285518,-1475.2499309895397,12183.019514961336,2,2
556,-212.6791598601843,-1171.1381287968081,15085.416377069856,2,2
557,2537.407364218153,-2228.056308207389,13818.298798499613,2,2
558,1315.7609705692385,-960.871572629576,12312.642658512863,2,3
559,-269.12557268772224,-1935.0342877577684,12812.69824136108,2,3
560,-1492.9770849467109,-2221.474233932766,12786.18694324722,2,2
561,-844.0628248739235,-1424.6734587143271,13864.4596814899,2,2
562,1316.0573938248938,-833.509055675236,16081.593679066093,2,3
563,2455.8223958326753,-1134.2552418024072,14746.715438854631,2,3
564,1262.4176932101252,-1352.8364839694593,15924.907285316807,2,3
565,1316.0573938248938,-1385.842848691759,15562.52302294431,2,2
566,1227.4355351988806,-1137.3093323043336,13712.685488346087,4,3
567,80.22180567025543,-1146.6562408860989,16156.367228480085,2,2
568,474.18610859642865,-1178.235956224445,15474.103325701992,3,2
569,1249.9157486265099,-375.22910619105016,14981.628713137181,2,2
570,2118.260005241042,-881.3598716933893,12390.65222638099,2,2
571,-986.9243020574016,-2160.3182887948797,14976.583429459364,2,2
572,-34.721235060175204,-1785.456679404104,13371.29525129728,3,3
573,-2362.295331586713,-921.5757019527509,12029.629130628333,2,3
574,-288.1145293653874,-1596.264422662711,12279.01137043527,3,2
575,-825.0604866886449,-1623.8444946622985,13475.963041694318,2,2
576,1378.8800898666614,-1643.3204054743173,11857.098217389264,2,2
577,1037.472653165679,-1517.9557562982743,14290.481351946564,2,2
578,2480.687315001766,-740.4419556958932,11763.478224834997,3,2
579,1835.4267753961556,-944.4851935382247,11821.299137908543,2,2
580,-594.6911554141673,-2070.3512416097556,12190.311014215065,2,2
581,-1128.5175381766173,-864.511749654578,12132.83845749193,2,3
582,1316.0573938248938,-2069.193679084831,14992.072923323714,2,3
583,713.1444863748986,-996.4912098481398,15928.469015562318,2,2
584,2414.8462869481345,-822.3305371378883,11806.375958728295,2,2
585,1495.4470062919718,-672.3977451499634,12284.177361109769,2,2
586,-1571.433338047606,-1689.2534092207245,11749.93969094587,2,2
587,2435.1960138963314,-774.4822625133888,15870.912853328475,2,2
588,-1977.571429265068,-2094.0579505020924,12770.076370921664,2,2
589,-2622.7827140648155,-2316.716761386002,12764.004146060373,2,3
590,1239.937479782496,-1209.6303949665216,15975.644035952158,2,3
591,509.63620672817905,-1753.4673426111701,15862.371966237179,2,2
592,1784.223640369204,-1643.0306656322684,12101.316198387749,4,2
593,665.8214788101055,-1533.794580970418,16541.222723605326,3,2
594,-157.0286591598872,-827.5928497990847,11909.261539868185,2,2
595,1647.163673863067,-1928.3979873239318,14082.157504388124,4,3
596,-772.0032324018241,-833.4897225982694,12042.395347821877,2,2
597,-292.76319500074726,-946.8543588112423,12577.29685950404,3,4
598,585.7048781863319,-1759.0199725727346,16101.897474521602,2,2
599,632.5032469753437,-2118.6012095381193,12325.462592669719,3,4
600,2481.1861651631257,-1217.6131633989764,12717.263581254767,2,2
601,2481.1861651631257,-790.8626973375204,12704.967124261464,2,2
602,-1492.9770849467109,-1116.9458071641895,12558.594896792223,2,2
603,-168.84556272628043,-1664.7123505571585,13302.863148925948,3,4
604,-419.202533400672,-1172.0809331929577,13953.98464988851,5,3
605,2284.5569322687907,-1633.1385185392905,12557.657308241667,3,4
606,-636.5225000044919,-1428.902660666283,12400.64080971442,3,4
607,-902.9756863179442,-859.188304547973,11844.529946155373,2,3
608,-1542.7800236574392,-2256.7323109708714,12140.14903013476,2,2
609,460.296565149838,-769.8139280189931,16274.369177759834,2,2
610,2625.0647683308493,-1224.395288206749,15634.201520755041,2,2
611,-811.0053192253307,-1658.2210424758687,16196.56511030767,3,3
612,1391.8808846116362,-1781.330377434663,12397.415075277057,2,3
613,2358.4981148164893,-1093.3484574005554,15975.661601942566,3,2
614,-1512.9054023036726,-1927.2283314449878,12239.40617464776,2,2
615,-345.48242011631777,-695.995814009486,14595.894043760356,5,3
616,1788.8606766301973,-1638.2098579973256,12901.1161630671,2,2
617,1580.3507883339726,-1653.079709446768,13604.386067268446,8,5
618,-310.3474466919771,-1465.426662898567,14753.164786042164,2,2
619,-1090.4486853312515,-610.7202224343985,15422.994097702323,6,3
620,2651.4648505992973,-1033.2394560801197,14493.870984644549,2,2
621,745.4403685025895,-2050.6234854402373,12817.186299671035,3,3
622,-189.34159328288519,-1156.5637738844814,13630.070861531118,2,3
623,-340.11430566539855,-1141.5953491421922,14976.988181609993,2,2
624,-995.4433013091334,-1084.7075874022382,14147.632401494235,5,4
625,708.7939509507806,-1066.5201592598796,13384.353784861023,4,3
626,-597.657648179104,-1101.163764362613,14074.043113250238,2,2
627,2559.1162562941477,-1796.4523237992805,11973.39090681813,3,3
628,-597.5963398981168,-1926.2640383145576,15781.685461985579,2,3
629,2130.7619498246577,-1537.6292603815127,12811.051081370799,3,2
630,-2571.2530870464884,-630.8738822621551,13023.307490332174,2,3
631,-1015.4577124627788,-1903.4735172024155,14671.537000325738,3,4
632,1227.4355351988806,-1812.9907102101579,15253.757175609118,3,3
633,1267.2565897473746,-1233.0185217654275,12813.112178818707,3,2
634,-1286.4959353855372,-2247.3785920598643,13906.87937817729,3,2
635,-968.53888735416,-2152.2119619127066,12341.530433758417,2,2
636,-1919.0434935211347,-2032.5656924786406,11893.81307010383,3,2
637,-488.5221462242302,-884.0342168590024,12445.722955921437,4,2
638,-573.1592727890527,-1182.6896917683848,12120.197368921663,5,2
639,1239.937479782496,-884.9994961209849,15048.335770742082,2,2
640,-61.17888534640751,-1799.9155160655173,15899.857709010605,3,2
641,-1033.878094500175,-1845.0314132542196,14306.272526835344,2,2
642,-2499.383594924246,-1235.558677051882,11869.836320381735,2,2
643,-539.5866133785424,-1895.1043267908562,13417.622954853341,2,2
644,-927.1071603662468,-2003.6634363815406,13256.177879074598,2,2
645,-485.82921101291674,-1878.4760254507469,12277.633593172559,3,5
646,713.1444863748986,-1087.4345312322046,13741.951986306647,2,3
647,2457.7492189103027,-651.9195866460952,12526.87640648793,3,3
648,861.5840542710744,-1218.7164045295071,12618.677956361278,3,2
649,-2577.8398480251417,-1926.5686217974373,11800.96092461639,3,3
650,-2701.238967165711,-2209.466646678603,11759.205279531492,2,2
651,-584.0794908809964,-1602.518329047957,13670.867250354499,4,5
652,-319.9334939399473,-1732.7853152820678,12326.757985217968,5,6
653,-291.96203198873525,-931.2195064847087,13032.388686634895,2,2
654,-886.8536654285668,-1266.7038929877042,13164.092149986885,4,4
655,1245.154407407306,-1568.2947981116067,12036.56076365618,2,2
656,-1644.225253906987,-2165.3796196114918,14568.297556578484,2,3
657,2433.2988816154602,-1673.5110217612987,12224.159479214797,2,3
658,2582.951185115288,-1398.1299231591286,15649.253309625881,2,2
659,-980.0433107589317,-1022.2900971983022,12615.186095018445,3,3
660,2118.260005241042,-2167.6477415751433,12712.452894204702,2,3
661,616.346189326422,-879.5717598887921,16499.456589374382,2,2
662,2526.868130657206,-1524.4534216904706,11709.015577156126,2,2
663,-2316.598665194833,-1042.7914467110284,12550.957539874446,4,5
664,-2591.5132118718834,-1876.9139037921902,16364.728180408229,2,2
665,909.5497495705822,-1041.6120602339445,13136.02454643791,2,2
666,-255.215105263273,-1847.6466844161585,12638.093708332379,2,3
667,-1844.0549152465612,-1599.9764230263295,16694.77353287835,5,3
668,-754.4539235267123,-1826.1176833877912,15511.433709343122,3,3
669,-1457.8368035021135,-1590.2281605191574,14213.598193065993,2,2
670,701.2955429967886,-1591.2089277386026,11690.369990796376,3,3
671,-945.078324935516,-1952.6546301029566,12183.903992033629,2,2
672,-381.61187943857755,-1519.5243209724267,13831.940959832751,2,2
673,1747.6001901871573,-1002.8934924500538,14999.885866800483,2,2
674,-670.1949968430829,-2060.0736331797452,13711.348245745787,3,2
675,169.54216575233775,-1320.857207648083,12482.824206715266,2,3
676,-1574.1262732589194,-1082.2142457700527,12481.928812562355,2,2
677,1303.259025985623,-1925.2868276655104,12836.66271160977,2,2
678,1391.3820344502767,-713.1605267327976,11763.478224834997,2,2
679,305.7387738791333,-919.7421452238638,13686.520845333407,2,3
680,-1986.799795530768,-1073.8578749186656,14515.394328709035,2,2
681,1368.682877989423,-1145.3880642252022,12433.148931205049,2,3
682,585.4596975149213,-1127.475142531623,12127.435849511157,2,2
683,1747.6001901871573,-1734.2235304644003,14370.226434980303,2,3
684,794.9210242844246,-1580.3684716682008,12139.92015981458,4,5
685,-2700.3682985805785,-2339.248408322252,16396.32020704624,2,2
686,623.4014700986256,-795.6417811201845,13489.506595925532,2,2
687,1391.3820344502767,-1293.633966750354,11925.524350720852,5,3
688,-1568.9335212873966,-994.1800066614002,11858.435915649043,3,2
689,-171.7656954060973,-1276.9547864165609,15031.578088644888,2,2
690,1427.3094920734625,-921.5420530323464,13893.703910619828,4,3
691,-1606.676397085596,-1830.4913054018625,13834.552834523212,2,2
692,343.62819100754166,-1055.1331805413024,12565.643960070109,4,3
693,474.12480031544146,-2016.2365370280254,13793.96174022257,3,3
694,2435.1960138963314,-1696.4078862587328,15313.431722840485,2,2
695,-269.12557268772224,-1798.7364707824277,12916.541396085522,2,2
696,-49.60087521712671,-1029.7112167872,12629.277604596604,2,2
697,2435.1960138963314,-698.5356419016593,16116.011470140278,2,2
698,1361.943582726694,-776.3351410655455,12179.000938717003,3,3
699,-446.83920713137337,-1610.9527234479342,14131.619332606015,3,4
700,1381.6344825496262,-807.4409064607913,12868.097080586815,3,3
701,683.266257250513,-2134.2050988486003,12782.05746164176,2,2
702,651.3332094953091,-1002.8739012524666,13068.614665507117,3,2
703,764.5589998752586,-1848.4424667800029,14498.514535553655,2,2
704,2184.1335172214294,-1969.8058987121576,12892.828856613192,2,2
705,-1506.8721532077845,-1604.4729306225477,13738.137870974395,2,2
706,509.63620672817905,-1609.022219501566,15121.977916047586,2,2
707,1381.1356323882665,-917.8082656937052,13384.522895831213,2,3
708,831.8974341653453,-824.4841240080891,11767.292340167249,5,2
709,1698.5781873634269,-1581.3401307508914,14140.787068617952,3,2
710,-739.6426140207435,-1693.1146913391046,16341.858189619348,2,2
711,1710.4852200661942,-1844.8284048305518,12247.521445965975,2,3
712,1247.0705448023264,-1522.0021427026184,16852.292258287856,3,2
713,794.9210242844246,-1687.8351770442687,12179.868983504388,2,3
714,-1907.0951008099078,-1644.359962259684,12640.548954498317,2,3
715,776.4660325780255,-1907.752965741594,12673.565416464813,2,2
716,-1378.7058992153795,-1096.844446812991,16000.001101046768,2,2
717,-377.3365529729966,-629.5986962881293,12391.843372013851,3,2
718,1381.6344825496262,-1715.4270148703722,13549.159565537151,3,4
719,886.8493420602942,-1244.5689052083555,12930.015473193396,2,3
720,-229.85537084389128,-1648.7708225723525,15373.407930334099,4,3
721,1546.8615197923316,-1598.0457828043511,12870.503034568754,2,3
722,-783.5899922730757,-1295.4577365281173,13238.705883732835,2,2
723,-724.1201161122436,-1697.107983665113,12363.242735409627,2,4
724,147.77773601312862,-1385.3082951394044,16035.539502625199,2,2
725,-691.2426916032962,-1467.9891449430127,14751.61920747406,2,2
726,544.7313634773743,-1372.3995878906037,15289.661779599957,2,2
727,-447.7076683397772,-1347.312613454317,12422.536657121864,4,5
728,2480.687315001766,-1899.5998268381652,12165.642057142044,3,4
729,2710.2435490387084,-1604.5262168952363,11741.48519470557,2,2
730,-736.0685088234707,-1922.08309316753,12655.776541023455,2,2
731,2486.610527396691,-1077.2213414538896,16573.02906647396,2,3
732,-922.9040036749061,-1702.4371274862115,11741.48519470557,3,2
733,2142.7103425358846,-1858.9742246901608,12362.725599410798,2,2
734,-879.2048129551282,-1066.6321222152237,12738.853540597223,3,4
735,-968.53888735416,-1529.5849690701752,12841.473398659835,2,3
736,-670.1949968430829,-1806.9533136034825,12485.983013378836,2,3
737,-2642.7110314217775,-1720.537652629674,11805.924998919205,2,2
738,987.3769195074007,-1508.5654455201736,13220.302726251983,3,3
739,662.4578601007353,-1828.5648234852897,15953.46162506382,3,3
740,-672.8879320543964,-881.566207180167,13683.564561587078,5,5
741,-1749.3174469834817,-1574.786120629601,12112.083961294447,3,3
742,753.8728204124457,-2208.0879253040493,13009.104948197682,2,2
743,-890.5673866060008,-1151.5964216868083,15303.836186266928,3,2
744,-1752.7392586595504,-1252.5785301909111,14913.78734398574,2,2
745,-2491.540254922863,-1011.1589927559965,12221.623437122698,6,5
746,-1538.0350620069103,-1712.7015980153071,14265.204852103237,2,2
747,-1060.4366101880041,-1107.6835642241883,16474.336197008626,2,2
748,1159.7449352222925,-1618.5189482254295,12763.011506727264,5,4
749,-1023.5345780364112,-2060.5413664696885,12994.229324995631,2,2
750,-2380.18565892296,-1677.750206508545,12433.095300800042,3,2
751,2382.394700415734,-1670.5593262926698,12563.440745119711,3,3
752,-766.8875532483838,-1635.2659850182567,12066.445789668162,4,3
753,-1561.1654383606808,-1659.1843765676767,15162.202441795653,2,2
754,761.866064663945,-1353.5211350659276,15361.316230037268,2,2
755,2284.5569322687907,-1881.9000064222378,12446.713374824812,2,2
756,-1444.3324907523688,-1335.2125649931538,13011.614337670439,6,8
757,-485.82921101291674,-1088.9221425934902,12328.086345840888,4,2
758,1239.937479782496,-1219.5098664395982,14204.427406544133,2,2
759,-1919.0434935211347,-905.505299657844,12598.204962481608,2,4
760,1025.4868261500021,-1071.129727117737,12110.84110138482,2,4
761,620.5548542641167,-1707.6454289507324,12454.500864208574,2,2
762,1554.4937604924435,-838.5059310455575,13132.480553293164,3,4
763,1072.6854159309212,-986.9752643263135,15382.72881821505,3,4
764,856.7211865592794,-1820.1221077444034,12797.775233869881,2,2
765,1367.4719073252536,-1700.018785912303,14979.865512230275,2,2
766,-879.2048129551282,-1534.9902888694314,12509.261810519414,2,3
767,-323.0445100770262,-1737.3858081395304,14963.827770400228,2,2
768,-799.4591739943874,-1456.9615665987005,15040.334480616317,2,2
769,-1940.9611532860586,-1285.3095229132555,14983.553915771849,2,2
770,-1724.4195498932904,-1139.9118774763926,15889.587364221203,4,2
771,27.921587329702632,-969.6497769551555,12873.945122939615,2,2
772,1315.262120407879,-2002.6060991302897,11971.976749781115,2,2
773,761.2908710034127,-1263.6999754895742,11801.66911481511,2,3
774,-542.279548589856,-943.4105821850976,12406.71373668518,2,2
775,-2038.4575809643852,-847.1726737503362,12429.433307488092,2,2
776,-515.9232114108277,-523.8027557981184,12728.639802126523,2,2
777,-987.6275434303589,-1854.777075981101,14793.216100390508,2,2
778,-1450.5641353849674,-1015.2186874830627,13141.625180359826,2,2
779,-2490.935209832872,-959.8385873268971,15930.247460747543,2,3
780,249.325252222897,-696.1618417915519,12989.579052725392,2,2
781,509.63620672817905,-2156.9862273201666,14579.138105375367,2,2
782,-91.33036331836358,-1247.7712285764994,14429.31316319194,3,4
783,-1729.4583410238945,-1062.8160979003162,15616.907164275974,4,3
784,1315.7609705692385,-1545.6221697443907,12744.079458402566,2,2
785,788.967977161641,-1785.0977739290936,12782.372827914967,2,2
786,-2582.536336921099,-1014.0889016073024,14919.645891687267,2,2
787,754.1180010838563,-1086.6387845332229,14997.49210010672,2,2
788,-945.078324935516,-1621.6454315165122,12754.091760358295,3,2
789,1788.8606766301973,-1772.873267213836,13894.459982482602,3,3
790,-757.1468587380258,-1170.8195646888194,15032.270417369065,3,6
791,613.7947365656003,-1822.5691078479133,15259.216628824219,2,2
792,-2173.9846393159482,-1150.0357405175166,11758.026751581627,3,3
793,-1598.1059004045637,-1654.9715134949786,12316.456773845115,2,2
794,448.63683795539106,-1246.8324402173055,14652.800394336531,2,3
795,544.7313634773743,-1168.9564855896035,14716.057822342706,3,2
796,754.1180010838563,-741.0219091551102,14234.064331174679,2,2
797,-2473.9364220899347,-1320.5667424655344,15012.591796310442,2,3
798,1239.937479782496,-1980.728851073072,13816.494684855226,2,2
799,1495.4470062919718,-1448.834501651463,12735.038216716397,3,3
800,1671.784029622858,-1657.9104436645262,12786.330406945264,2,2
801,1291.3519932828558,-1697.0897988581437,16403.469748120813,4,3
802,-887.495048545035,-1840.2370238569658,11760.144820514533,2,2
803,-2063.805074400482,-1177.7493546446424,13031.614537690835,3,4
804,-2677.7750864149984,-1032.9723510049632,16099.33730207314,2,2
805,-840.7157980698274,-858.1862380318595,14325.39110050241,2,2
806,-2576.0048546486664,-2095.3936856560626,12821.089881030775,3,2
807,785.8455515157641,-952.6421838921443,11785.918170649195,2,2
808,-1992.4908417693239,-1651.0991018231282,12281.82494205621,2,8
809,-2175.5326541295326,-802.5535617508682,12996.296495857403,2,2
810,-2614.696181045289,-413.3703514884226,13600.146165847449,3,4
811,1079.5879003442906,-1336.6802261028226,14204.427406544133,2,2
812,576.3240085963316,-1307.5737061526017,14544.920982444242,4,3
813,-2471.611937565901,-2149.235786152163,12916.48563690124,3,2
814,1589.8844642037425,-581.7143399287079,12389.868324717738,2,2
815,-527.0510850171713,-1955.1704318306759,15467.085778997647,2,2
816,2457.7492189103027,-849.945035624202,12789.1811695293,2,2
817,-289.5139352504495,-1024.0183799105212,13653.860157570609,2,2
818,-809.8294317275295,-1677.22043717098,12872.504724756454,5,3
819,-234.18114305499327,-1730.1269259957762,15483.313175379526,2,2
820,1254.9983661450267,-1863.0280385068413,13142.417306376028,3,3
821,-10.430633435631037,-1070.4181194880769,12038.806801219176,3,5
822,620.5548542641167,-834.3601979317897,12564.251577558523,2,2
823,-1907.0951008099078,-1580.1280973505252,12778.163431557421,2,2
824,-1708.914344718708,-1463.703314109692,16446.36063700435,2,4
825,107.7846366164016,-2048.2671724668207,13518.981205076432,4,3
826,-850.4115520230437,-819.2949940940853,12686.428217175087,3,3
827,1655.187029710802,-1041.011234481328,14130.134956261023,2,2
828,1195.126390214833,-1076.592666527913,13838.144574382111,2,2
829,-788.644071886147,-821.2001549663973,13840.109790969444,2,3
830,-527.0510850171713,-1030.8565995544923,15125.163108792653,2,2
831,708.7939509507806,-1356.0161209185806,13695.62706659145,3,2
832,26.58210505548685,-1452.41944391127,15638.128550766312,2,2
833,-1491.254561602841,-1025.902111700184,13129.04566381827,2,2
834,-2579.035078844377,-1075.2437177054555,14730.651834836157,2,2
835,713.1444863748986,-1683.9448771836826,14906.864046701661,3,2
836,608.0529096805012,-2080.8492352155795,12785.649201500659,2,2
837,-234.71907470666812,-805.1644296929626,12773.070597203745,2,2
838,-1385.4988364193878,-649.8338980003656,12315.93511313527,3,3
839,1930.2707076632453,-1283.163478442896,13808.273173449292,4,3
840,1302.7601758242636,-2168.1875360725176,11794.653682623017,3,2
841,2234.3280715049927,-1476.9555975041735,12825.538669408199,4,3
842,542.0384282660608,-967.5889972548322,14353.69015844576,2,2
843,-775.4214897952377,-1483.1336081086686,15331.105283677069,2,4
844,-2092.5935620630353,-1303.03930214228,13056.486117433958,3,3
845,2445.800826199076,-2069.645433960377,12054.280848482102,3,3
846,-580.6907856319399,-1095.2785461136102,16351.42356281737,3,2
847,2284.5569322687907,-2053.9410696995637,12829.542308498272,2,2
848,478.5897182789903,-1999.9873238657808,16716.863835801927,3,3
849,1709.9863699048346,-2142.538447514412,12100.256586289097,2,2
850,1819.3870922723722,-1374.1859584709018,13104.359944701173,2,2
851,-1498.078595534818,-1473.72657681603,13485.790636683376,3,2
852,2196.231496898432,-1038.7694537148934,13731.937243643204,2,2
853,1947.5352058419178,-869.5372620850178,12752.612915918304,3,2
854,-1427.1035729663233,-1816.9607790418222,13693.91490172916,2,3
855,734.7480601920709,-1863.2156210652226,13899.927931871709,2,2
856,660.0574531526597,-1639.523036724315,12569.862159068074,3,2
857,1239.937479782496,-1209.4350694975935,15023.041517749634,3,3
858,-114.2780239555209,-1719.9897704716566,11806.864539902246,2,2
859,-270.03180156768735,-617.8728043945323,16499.572368155856,2,2
860,460.7284754067123,-915.3940408360537,14176.263291033905,2,2
861,-364.44367388753165,-963.4799950213179,13826.425823859854,4,3
862,-1994.4328392523103,-1007.7417605564679,15827.97787752952,2,3
863,-879.5151238993002,-801.3521594083422,12149.295749322353,3,3
864,2024.6120924360398,-1018.3364218417007,12200.505849188903,4,4
865,2481.1861651631257,-848.8438612820614,12038.581232489625,2,3
866,2118.260005241042,-2058.997663556219,12743.756889168642,2,3
867,-393.88758397940467,-1256.2169249544886,14427.643118761393,3,2
868,-737.631492755238,-1658.9993583253552,14793.216100390508,2,2
869,-610.5599222095201,-1012.4464141490905,13381.978936290092,5,5
870,-1200.1922418493048,-1913.6356366475056,11876.470524394115,3,3
871,-273.27158113130133,-1397.9179025387696,13202.43073915318,2,2
872,861.5840542710744,-894.8665410568269,12227.055373912155,2,2
873,-968.53888735416,-823.79707787166,12367.511565327337,2,3
874,546.4589856702119,-1632.3457044469014,12741.13338519624,2,2
875,-312.35039455146256,-913.5015194901246,13049.430989925153,3,3
876,1353.4535802691864,-890.7643620177076,12213.104923085924,3,3
877,1634.6617292794517,-2038.4358199730102,15295.042587711141,2,4
878,1295.0085590546228,-1744.5138627379763,12937.310793138635,2,2
879,-971.3067104524581,-1261.8192929217576,13102.118464811572,2,2
880,-1561.1654383606808,-1882.2087606929094,13906.87937817729,2,2
881,544.7313634773743,-2138.434075793042,15978.457296737954,2,2
882,2252.9777163209656,-2263.4482757568,13036.183194017009,2,3
883,2493.1345578743526,-1633.5827530184456,12064.999421569824,3,3
884,-2524.408727539005,-1886.4577667357441,15686.162225170008,3,4
885,1334.8971300113246,-987.0866979886864,12390.253761868189,3,2
886,-1899.115176164173,-1766.017268210361,12308.369713209358,3,3
887,-1898.904212676487,-909.3730077851134,12461.958462207023,2,3
888,577.0272456050652,-2014.3540892021067,12990.415209663379,2,2
889,-485.82921101291674,-2081.559422842696,12797.775233869881,2,2
890,-710.107414605287,-1335.5227139335807,16036.23830006286,2,2
891,623.1603047697561,-1903.806566174778,15074.638890046508,3,2
892,1838.5310760631544,-1129.4205319135892,13699.028360613482,2,3
893,-845.7606336104622,-1876.6292727846496,15797.538418303111,2,2
894,686.4283662445044,-1940.6311613588477,12806.241197856483,2,2
895,544.7313634773743,-1485.7999494263888,13571.010506377326,2,2
896,-1917.5005908674145,-1273.8871847185924,15128.977224124905,2,2
897,792.3198271997724,-1335.1074383798812,12630.0640175178,2,2
898,-1055.0286629922668,-1981.8968867589485,13240.217308030195,2,2
899,-498.39593893561465,-1658.8629010721702,14278.531495461184,3,6
900,-1885.2356370078064,-1755.8013407219732,13591.439426023291,2,2
901,544.7313634773743,-1292.1616893453645,15338.950972833265,3,2
902,-617.0184336932878,-1000.5590996493638,13613.486754967402,3,3
903,-377.3365529729966,-2106.734631625714,11759.205279531492,2,2
904,1348.7205290876418,-1876.813544328743,12870.503034568754,2,2
905,-531.5037209525375,-1088.8535673715648,13558.29426940765,2,2
906,2421.423604555591,-1759.0830947916936,14263.543131247343,3,2
907,-1032.1050747174436,-1163.8475547451978,14928.66529316148,3,2
908,-2643.364367552645,-886.2229367992236,15280.525786004851,2,3
909,-2555.2466358595616,-2107.0538593272177,12377.144589517502,3,3
910,2083.4100291632576,-1082.764257508103,13942.317233927217,2,2
911,-1856.7022266024292,-1467.288618382204,13760.284602215313,3,3
912,686.4283662445044,-1259.4350382788784,12980.306206533463,2,2
913,468.8179941455097,-1263.1331658326076,15688.034064783791,2,2
914,-548.3190223998828,-887.5576458380496,13928.882053084693,3,2
915,158.65074696263724,-1856.6723305044147,15075.672189573086,2,2
916,578.7752743561937,-1684.0082752800968,14924.315967173236,2,2
917,297.48078664806144,-1249.6849922146732,15398.942504981422,3,3
918,1747.6001901871573,-1365.1424547470765,14856.634340068551,2,2
919,-1411.6954779610107,-658.597467999056,13539.764026029237,3,3
920,-406.3883437328788,-1933.527321862515,13905.000316946252,3,3
921,-2615.6481612942807,-917.2956997224422,11890.074014216687,2,2
922,-723.9837479030274,-970.6630069412134,12951.995163568337,3,6
923,221.91880843738568,-1016.9212137458903,13339.733247470402,2,2
924,-143.89865378822284,-1035.143605068509,14487.201055346217,3,4
925,2454.4976448810507,-1538.3008627589502,12667.983736464428,2,2
926,1239.937479782496,-1363.2611653659753,14857.567978870155,2,2
927,-670.1949968430829,-1540.314323733076,13438.087928730096,4,4
928,1316.0573938248938,-770.0040188052722,16604.62109311197,2,2
929,1722.9871646498095,-2271.4083387841724,12935.006778222267,2,2
930,2130.7619498246577,-801.190765452968,12363.523463887843,2,2
931,1633.4579008469425,-1719.6591715056709,12281.572485249124,2,4
932,-340.4338084985588,-1021.9471689775486,13756.773476194398,4,5
933,2478.4932299518123,-738.409990634938,12637.672569656155,2,2
934,-421.0965308946011,-2109.686071154628,12809.982677031408,2,2
935,590.3183468367336,-658.9984196596188,12201.620324536792,3,3
936,-1240.4102422509184,-883.2083997099215,13946.638539445825,4,4
937,-1584.6260007793248,-2185.813431289212,14281.920282031026,2,2
938,2510.607041117311,-927.771684949212,14004.094356633093,2,2
939,2670.753168361083,-2306.6099316830364,13049.101700475398,3,2
940,-654.0591947097041,-719.8294851035436,12518.945719081366,3,3
941,-1899.115176164173,-2072.205613660587,11818.714567254014,3,2
942,2309.708791176623,-1280.6041167347055,15617.242980856583,3,2
943,1301.6617164441955,-923.6946557538711,15173.09197002462,3,3
944,-2678.645755000131,-1070.2695022069877,11826.80162788977,2,2
945,-434.6659798869286,-1850.8971424001702,15047.090128838512,2,2
946,2055.149837511323,-2019.5315610244984,14240.664605560225,2,2
947,686.9953472880258,-1737.0660452872128,14197.841826263306,2,2
948,2386.038265591541,-1026.3784176780807,14630.96732312968,3,3
949,1760.1021347707726,-2296.597823412585,14292.53684082124,2,2
950,-1542.7800236574392,-2013.9965436301682,13063.53398913118,3,2
951,1776.358732046582,-1588.7701722611116,12900.176622084058,3,4
952,-701.1624353043308,-1280.6530213221001,13586.372863046205,2,2
953,729.0475123040368,-1817.567545594497,12202.176329101823,3,3
954,1771.7953633741351,-1846.3040318442581,15234.195575632082,2,4
955,556.3420933993468,-1284.7841705989931,13576.749500483153,2,2
956,-1735.9969653394432,-1631.7358043246372,13853.939780434459,2,2
957,-1450.4442314001774,-895.6256543991309,13504.536814543404,2,2
958,-893.5503090795862,-1298.5571327947912,16071.798858737775,2,3
959,458.8295094435658,-1696.1233422924336,13331.954651894313,3,3
960,686.4283662445044,-1036.5566359956888,15356.555190236273,3,3
961,532.2294188937589,-1788.590742340579,14962.711487647275,2,2
962,-1899.115176164173,-2210.7249401908052,13014.152254619694,2,2
963,739.6704804601026,-943.8427441818853,12773.755371053758,3,2
964,-902.9756863179442,-784.5292983606283,11925.265149105036,2,2
965,2097.3526930560797,-922.5793164961425,12152.066736246114,3,2
966,-1059.4512480670267,-1804.7194967191745,11748.91443593389,2,2
967,769.7220291624146,-2044.1813703548999,12742.947608428518,2,2
968,1270.3472092517256,-1085.8667474337542,15792.922872734523,3,4
969,800.916369872868,-1346.0718846806842,12778.163431557421,2,2
970,2140.605908562378,-2010.1823732591938,13507.93753009463,2,2
971,-534.3844789671804,-1835.4408519390968,13402.741350948383,4,3
972,-1495.6700201580243,-838.9610432864368,12857.268604712182,2,2
973,811.3138804829773,-1826.3979969452696,14316.378537526623,2,2
974,123.763478400207,-1764.2254413688065,15627.484309116833,2,3
975,-527.0510850171713,-1569.5748291377668,15720.41882310137,2,2
976,2386.038265591541,-1058.3448719107862,14352.53093698095,3,2
977,-2480.4373808002388,-766.3763540533092,15455.438807497267,2,3
978,2108.3288770407758,-1724.6378975379969,12988.443608021735,6,5
979,-1455.4588117202845,-2103.9793750640565,12087.608103440227,4,3
980,-1202.1621208149234,-1129.7102665628372,12132.593271886955,2,2
981,205.54652900461195,-1796.2087104612376,12828.006130299686,2,3
982,-1893.731245801854,-879.4024923486164,14872.50593757815,2,2
983,1362.5227131417064,-1091.9755144952699,13750.373359265132,2,2
984,1239.937479782496,-1956.0204336089594,13493.40062600987,2,2
985,-2701.238967165711,-1521.4357234193785,12592.632925137239,2,2
986,1166.7123257760582,-1134.4058489909316,12986.970773905186,2,2
987,1259.7314173265715,-842.4282563680223,13028.69742407377,2,2
988,2481.1861651631257,-1820.7507246771568,12482.027959331903,3,3
989,1379.378940028021,-820.8014852642137,12840.728101349012,4,2
990,-965.0066422924779,-1605.9276720029472,12949.113728632008,2,2
991,-237.3397753137415,-1008.0191662664208,14398.022444493632,2,3
992,-434.6659798869286,-1099.1007836184524,15321.86723044109,2,2
993,-1023.5345780364112,-1841.5662981559512,12359.250518584338,2,2
994,-1919.0434935211347,-801.2866061500504,13071.621049766936,2,2
995,-2660.2654524567533,-863.0324541990722,12514.820988004742,2,2
996,-736.0685088234707,-1961.5939527806884,12837.20045335633,3,2
997,-1492.9770849467109,-1513.5629930496277,12721.07769658702,2,2
998,-2690.7705141567103,-1665.8920744139002,12484.854734050692,5,3
999,-2138.049915737595,-1824.911454719434,12185.651027413302,2,2
1000,-38.340520762585506,-1065.81896849951,13346.167829333244,2,3
1001,1835.925625557515,-1257.0657294158673,12640.548954498317,3,3
1002,684.7353677228514,-1260.580553623258,12998.881062816989,2,3
1003,-1096.270967406917,-963.9695218014532,12504.541014428107,3,6
1004,1807.6748060889074,-974.4877680230393,11862.559712292516,2,2
1005,2562.488377819752,-815.4083618940472,11852.116235555814,2,2
1006,21.627441948701424,-1000.8899283480065,12609.04299911565,2,2
1007,-1287.6465648529663,-1200.8071499376626,16446.36063700435,2,2
1008,-566.9391861069191,-1347.748130428571,12713.966579631053,8,5
1009,-2666.075020801441,-822.6810466352015,12193.297559063556,5,4
1010,-968.53888735416,-1621.3562465376638,12811.051081370799,3,2
1011,-1452.0035702377531,-574.3877514201314,12271.621610072443,3,2
1012,464.8563185865609,-1292.5035536666348,14329.768139042104,3,4
1013,1288.044059511284,-1010.2868277553682,15025.13340630531,2,3
1014,1327.7093632804654,-2107.0301849197376,12011.797375840675,2,3
1015,1760.1021347707726,-1695.9918811591372,15117.25346284373,3,2
1016,2449.698727419455,-1118.499282517729,13490.239699265223,3,2
1017,-1369.1936463165748,-1390.0202854642528,13205.60919029428,2,2
1018,-1112.531758659839,-1720.5298039081788,13700.42513175728,2,2
1019,-1041.437795781898,-771.525593657915,12242.513866056794,2,2
1020,544.7313634773743,-1853.097578190922,14653.842519046277,2,2
1021,713.1444863748986,-1892.704560656723,15018.841533719447,2,2
1022,2562.488377819752,-2055.6918038098406,12214.703425509264,3,2
1023,-2752.21945426134,-1478.7554642176933,15289.99437462521,2,3
1024,2384.4381842414728,-875.0206462933728,15723.278185219355,2,2
1025,-688.8453712821973,-1172.568470846983,14224.098266880117,3,2
1026,1248.9886352653489,-1396.1091072422548,15004.921013532461,3,4
1027,-785.9162002446467,-1527.8972470058868,14130.901701695726,6,4
1028,-2615.6481612942807,-1947.7818401988488,11901.174479232428,2,2
1029,1986.2320286560196,-1571.7219266859768,12710.39159910845,5,5
1030,-408.8848189239161,-1037.5969716201596,13660.000864992177,5,4
1031,-738.0632107229576,-1419.3712102969278,14621.68491384693,3,3
1032,-1445.4203155336536,-1812.7403053183377,13085.425697046121,3,2
1033,-986.9243020574016,-804.9029809757008,14586.962874460667,2,2
1034,-299.50970096811227,-648.6860043561982,13098.579830858542,2,3
1035,-218.57278597226104,-1753.746292197393,12860.16263414922,6,4
1036,1348.3532759525847,-932.6219679507366,13536.24433695095,2,2
1037,477.82262129034245,-1056.2780670792154,13010.168761245894,4,5
1038,935.9624060070407,-936.3075074530858,14612.940595664113,2,2
1039,686.4283662445044,-1660.8728823106494,12796.302934809406,2,2
1040,451.18938126934387,-1973.5293531582731,13155.815599620206,2,2
1041,2370.220469528639,-1564.2340328220037,14077.85722858249,2,2
1042,-1005.6427944405694,-1647.9501297993243,15234.012146345185,2,2
1043,-2778.3392598174837,-2082.371086765474,14106.821324582219,2,3
1044,112.65386963500872,-884.6978584700435,14080.525688878199,2,2
1045,-1457.1228780500437,-846.6527263138538,12123.22926358356,3,3
1046,-623.8455400621718,-893.1145799667543,16126.921847274192,2,2
1047,2193.553670722173,-1456.601509430783,12135.236558298193,2,2
1048,-1666.818466072567,-2092.3359072701933,14324.12886745925,2,2
1049,887.1486989793683,-2249.040775748311,11873.113046288549,2,2
1050,811.6438728120892,-1190.7441730682272,12756.139419752737,3,3
1051,1371.1267050738961,-1016.742997227194,12080.7418254645,2,3
1052,2054.938459037915,-1122.4355506153136,15376.484623889492,4,2
1053,71.86795577799444,-1029.3383986215338,12724.042737145086,2,2
1054,-1580.661704313306,-961.1565876204611,14566.507351216307,2,2
1055,1550.9380707950443,-1163.3456254775226,14706.943193340137,3,3
1056,-390.93956963161753,-1538.8546632194889,13489.617076793513,3,4
1057,-269.12557268772224,-1827.7132601776193,11994.077291014753,2,2
1058,-2146.02984038333,-1879.5487172910834,12670.620241007215,3,3
1059,-527.0510850171713,-1004.2644511362228,15772.54158689212,2,2
1060,935.9624060070407,-1155.7075280061956,13289.35118579135,3,4
1061,-1561.4956244255543,-1747.5300600056673,13801.67911370753,2,3
1062,-397.6730288556223,-1902.1306491763144,11992.466752333828,4,2
1063,2472.8381180559504,-2085.8581445869004,14544.012390713839,2,2
1064,-632.8126980873069,-1466.0923258571618,12186.124897148911,3,3
1065,-1372.291840280257,-1438.689569589115,16293.123758855689,3,2
1066,1508.6538156520996,-724.7055229784726,12258.127921657897,2,2
1067,-1002.1053750597745,-1006.3102232420421,15339.979158148668,2,2
1068,-1174.5910197052294,-1103.0001522577807,15640.647821727238,2,2
1069,544.7313634773743,-1728.3876340694317,15927.439236781405,2,2
1070,585.4596975149213,-1981.9060767771116,12513.789687393284,2,2
1071,-262.02324358670086,-1143.879351468503,13037.449899205058,2,2
1072,-339.9191868639648,-1188.3343686263022,13593.261872045188,2,2
1073,2054.938459037915,-2025.3999672946281,14288.722725488988,2,2
1074,788.967977161641,-1883.6987520072846,12161.02648483191,2,2
1075,657.4869403017415,-1070.4315505101229,13208.904965704649,2,2
1076,1422.607997258584,-1038.3791337148427,13963.072320454981,3,3
1077,518.4201534099519,-1650.009691044,11684.447705616083,2,2
1078,-2537.191908193385,-1593.083601270067,11818.714567254014,2,2
1079,-738.7614440347842,-952.9276096224443,12604.865170869116,3,3
1080,579.3724410006134,-1191.3204649449983,15022.352905424403,2,3
1081,-2430.493328091134,-1415.239906614476,15108.634583326108,3,4
1082,-902.9756863179442,-1960.3198580400533,11792.683042553139,2,2
1083,-879.5151238993002,-781.4843700347692,11767.292340167249,2,2
1084,-1561.8233079453487,-1234.372403916772,15219.329083261919,3,3
1085,1315.7609705692385,-805.0319376465939,12372.932141555068,3,2
1086,1760.1021347707726,-812.3015521136264,15946.983794122607,2,2
1087,491.09166286260574,-1403.3353224993284,16131.50846730655,2,2
1088,-707.6229147816301,-925.538821866674,14793.206937270676,2,2
1089,245.13185377719867,-1763.7414725914143,15813.285238924314,4,2
1090,-1956.6799148651887,-649.6758973442975,11665.076068826786,2,2
1091,-2630.7626387105506,-1987.566908745713,11899.96120288766,2,2
1092,-161.6518456858808,-1783.0870079150925,15653.297107003002,5,3
1093,-851.4628723713482,-1771.4579640599784,13395.073281111487,2,2
1094,437.01290205789314,-1107.1787973295686,13822.363809744269,2,2
1095,-816.9991608388782,-1128.636683353189,13610.701887465535,2,3
1096,-736.0685088234707,-1615.4719528460726,12957.137240321807,2,3
1097,-1579.1975094558586,-837.268360575788,16037.040434049768,2,2
1098,-719.074572630422,-1536.3427333804568,12085.956763161266,3,4
1099,920.7675262121118,-940.7355999171577,12798.316013927524,4,3
1100,532.2294188937589,-1981.9220907184454,13485.233650622027,2,2
1101,-671.0041579486145,-1679.8972384231693,11765.833132781354,2,2
1102,2350.430444249178,-1438.0206194276145,14004.094356633093,2,2
1103,-2071.8060665363805,-1530.1544557975005,12222.634497980263,3,4
1104,2284.058082107431,-1550.407919916606,11876.91536036787,3,3
1105,2054.938459037915,-2053.2450334228065,15828.70550135926,2,2
1106,221.91880843738568,-974.8003075937048,14014.308638448887,5,4
1107,1307.6619693720131,-1184.2526740521528,13077.498950549012,2,2
1108,1244.6555572459465,-913.0095684772966,11754.212636249375,3,2
1109,14.191957706327765,-978.6567081181852,15915.50633769854,2,2
1110,773.170731539816,-1205.6707021452846,13461.842981247491,4,4
1111,1096.2949009752278,-1103.0435846741173,14015.749432989765,2,2
1112,1381.6879672780049,-1896.4128237634402,12778.163431557421,2,2
1113,-2678.645755000131,-1024.4821295795277,12565.559429996338,3,3
1114,-736.0685088234707,-2031.320666320302,12791.364575010371,2,2
1115,-380.9540098539096,-1047.9209882138848,14397.38091407397,2,2
1116,-1468.38621585844,-1518.6509386723915,15365.782092560288,2,2
1117,1925.4728441721547,-1799.3870296737905,12803.962787257424,2,2
1118,-2709.4342298472075,-967.1526130282963,14335.739554769505,4,3
1119,-543.5210665956236,-1791.9184447485088,15368.135406108466,2,2
1120,1554.473763167226,-2090.9834655800687,16224.546742086906,2,3
1121,-863.3090102354073,-850.068087361506,14320.938910342938,2,3
1122,-700.4830729208225,-2032.7252493522492,13132.739174502838,2,3
1123,856.7211865592794,-1782.7027887504687,12337.719370031053,2,2
1124,-1516.437647365355,-699.3297573260586,12098.05169274706,4,3
1125,1391.8808846116362,-1651.0510073748849,12367.337579220095,2,2
1126,615.8218030825718,-1467.4801641078734,12640.503124089524,3,2
1127,474.12480031544146,-1020.874094494241,14529.50964093854,2,2
1128,1150.194463506223,-1701.5502777785557,13791.000871920125,2,2
1129,-257.1771799764951,-1380.7358472177557,12960.401463314583,2,2
1130,1760.1021347707726,-1433.0024045420842,16287.33558641909,2,2
1131,-697.7596640406271,-1864.0539898195498,12841.523399218368,2,2
1132,856.7211865592794,-853.1176172120144,12390.65222638099,2,2
1133,-1567.9607884823672,-650.564779373104,12168.855427790486,2,2
1134,2437.6585565040737,-892.628275953514,13024.883308741519,2,2
1135,-1919.0434935211347,-1246.7100655215172,12956.49253913007,2,2
1136,1239.937479782496,-1050.7362663125452,14342.978524014547,2,2
1137,1322.911994095646,-906.4183707821418,13092.354615618318,3,3
1138,-1598.1059004045637,-2137.435659420279,11763.640227431242,2,2
1139,474.18610859642865,-2009.6672674547808,14893.488918792804,3,3
1140,-567.1936060578629,-1665.1296994810045,12885.193820101831,2,2
1141,651.3332094953091,-1236.0013308081802,13910.344680624725,2,2
1142,-2473.9364220899347,-1885.0445813085614,15168.760658921427,3,3
1143,-1221.6184721595196,-571.1541926490519,14385.923265288095,2,3
1144,848.8258764242604,-1145.0451615941377,14887.97697947507,2,2
1145,-968.53888735416,-558.2031817409858,12363.523463887843,2,2
1146,-485.82921101291674,-1988.2681355419397,12377.217268992506,2,2
1147,2072.542965486659,-951.8135496216987,15646.239506237662,4,5
1148,2130.263099663298,-1196.6199177760902,11907.844261077276,3,3
1149,585.0510751861048,-1608.3434301129548,12112.132904763645,2,3
1150,685.5378555882725,-912.711575166589,13624.556916670714,4,3
1151,-2497.3969845085785,-1721.588547357584,15141.947672872255,3,2
1152,-343.1137298291094,-927.3969756820125,12704.967124261464,2,2
1153,-754.4539235267123,-812.4028385571968,15944.627964838148,2,2
1154,-203.25206070733446,-1298.0961411955157,12371.277502140845,3,4
1155,-2644.4057243506472,-1584.0695100504806,12473.841751926599,2,3
1156,1679.459555990758,-1483.3872381609415,12988.311784604057,3,3
1157,-2519.311912281208,-1144.7071887990633,11767.292340167249,2,2
1158,636.6906563974956,-1215.5176767374417,12321.4077120177,3,3
1159,1432.854399320594,-668.3165888214251,12819.138142006555,2,2
1160,-1579.5818022187048,-686.3333983430041,13110.636807687564,4,3
1161,322.4794754700378,-904.624638267437,14542.293470808549,2,2
1162,-2593.614446964136,-1516.233669402493,14063.012040889183,4,3
1163,1835.925625557515,-1626.4047896701222,12545.047965540029,2,2
1164,953.5319159804067,-1657.473760552667,13359.402613169392,2,2
1165,-263.47602438875356,-935.6615456540593,11941.88357265741,2,3
1166,-789.3937781496193,-1097.2126663441716,15524.675296823676,2,3
1167,-1876.5270761584568,-857.1841792394598,13887.412517513956,2,3
1168,967.3606504463655,-1585.5019545180337,14203.250063065942,2,2
1169,-813.6416119189124,-1406.3872345026925,12261.161064463795,2,3
1170,549.948291102184,-951.3120783762905,12825.36282633428,2,2
1171,-308.08267294973336,-906.9222336557494,14164.870792366823,5,4
1172,1239.937479782496,-1183.430550515822,15467.33279528445,2,2
1173,-2640.846402374166,-1554.919856181795,11836.900411501072,2,2
1174,-2495.0724999845447,-1607.7422704453331,12394.953382366952,2,2
1175,1103.1170020039292,-2036.8772826480194,15039.40469287587,2,2
1176,814.1531295299158,-1305.2209731266405,12585.61893897161,4,3
1177,-181.8818209828211,-561.5772275179378,12851.802562003862,2,3
1178,566.1457764725355,-834.6365408354691,15243.036926078952,2,3
1179,-1531.2908170069143,-822.8786927671374,13828.395860823235,2,2
1180,1644.4707386517537,-848.6566424247139,14156.538105198626,2,3
1181,544.7313634773743,-2036.1396394189799,14856.772254017362,2,3
1182,-2694.732875315409,-2065.362969613023,13492.054006069735,3,3
1183,-1040.3231376824285,-662.6486230341783,11941.980068492432,2,2
1184,-968.53888735416,-1441.2845098076016,12060.220654870931,3,3
1185,713.1444863748986,-1538.1567710452534,14631.958720897477,2,2
1186,-902.6653753737722,-1010.9721928538346,13564.022248256708,2,2
1187,1239.937479782496,-1527.2913572718764,16444.99457194749,3,2
1188,685.403814233563,-1424.1678640954826,14484.650222907398,2,4
1189,-1340.3612076710117,-1571.2598438777009,12395.657695950435,2,5
1190,-591.5216959875337,-531.8772241231276,12391.52346559561,5,2
1191,327.99016241535975,-1561.0801827996136,14072.728157912215,6,5
1192,-968.53888735416,-1281.8525208411083,12055.36639737966,3,2
1193,1239.937479782496,-1898.4337824838506,14967.816051016047,2,2
1194,1239.937479782496,-2166.2469750010337,14545.37692264372,2,2
1195,942.8103851955074,-642.2882138281974,12435.389047313485,2,2
1196,-879.2048129551282,-1496.271919803968,12808.204110777415,3,3
1197,1186.2977791677274,-1607.286231169116,16249.538955579344,3,3
1198,468.8179941455097,-1587.9350551317925,15704.845992522376,2,3
1199,255.94719669710318,-710.1800151871647,11885.247718088405,3,2
1200,-813.6416119189124,-1429.4748111536342,12353.742754024093,2,3
1201,2352.9099390715814,-1817.7833964289473,16053.230846151946,2,2
1202,-1881.6022238738592,-838.2481012868948,12751.034669064275,2,2
1203,-310.3474466919771,-1926.7394247967834,14033.449556138932,2,2
1204,-282.0709953680685,-777.309236518646,15742.640301731108,2,2
1205,-968.53888735416,-583.0673089482839,13028.381714948235,2,2
1206,491.2113650397557,-1102.3874573881308,12756.00571099505,3,5
1207,1316.0573938248938,-1690.059231056449,15095.209305651853,4,3
1208,-2700.3682985805785,-1940.1033348774426,15616.480306786323,2,2
1209,2433.2988816154602,-849.099774099169,12004.311605897437,2,2
1210,2305.022655523916,-1795.2339230995863,15257.549237671537,2,2
1211,745.3130518760322,-2101.1103521886316,15649.327739043183,2,2
1212,1745.3330679711457,-1621.4122989817831,15062.325419506773,3,3
1213,344.4232699471117,-2108.4391743467017,12125.847688813208,2,2
1214,1316.0573938248938,-1653.376315886149,15311.580070896302,2,2
1215,-1561.1654383606808,-1708.6681884302725,13856.891580258032,2,2
1216,-2497.810822318852,-1079.559931734948,13930.336143207121,2,3
1217,-1542.7800236574392,-2292.367733310508,12368.994359358472,2,2
1218,523.8924793725267,-1015.1734222739873,14277.314499391854,5,4
1219,-1760.4949143447732,-1069.8480757249881,16031.247172882313,2,2
1220,2441.9314228474004,-2241.3882371524255,12666.806125674962,2,2
1221,-532.0751003633175,-1524.759244134519,14804.543924324431,3,2
1222,1845.3199243186482,-1011.0863350109331,12898.469667602749,2,2
1223,-567.1106915284935,-1534.5439802612216,13840.23925366089,2,2
1224,-711.6693470171476,-1309.8706450488783,13582.191478315375,4,6
1225,422.14045247526013,-1548.917460584584,12902.896457023335,2,2
1226,-548.496849104536,-1823.4728080682582,14916.821516177644,3,4
1227,-1685.1151130169305,-366.1847193362381,12173.237819763655,3,2
1228,-486.0775703082138,-1068.4490235398123,13767.495905917871,2,2
1229,2562.9872279811116,-1976.3617130139078,12021.760086751123,2,2
1230,-286.32635978688535,-1184.7925491961853,14719.893980947578,2,3
1231,1495.9562340116302,-1085.0095960794874,13760.939630077572,4,3
1232,1302.7601758242636,-1043.3930688624637,11780.136617922151,2,2
1233,-377.3365529729966,-856.083309852032,11768.23188115029,3,2
1234,-345.6377222426061,-1166.5540773967928,14818.644508888894,2,2
1235,2130.7619498246577,-952.0340453840827,12703.357611761097,2,3
1236,-168.84556272628043,-971.5039492939353,15054.267862144308,3,4
1237,-1542.7800236574392,-1493.1830265147753,11806.864539902246,3,2
1238,2373.5363210079254,-1672.8951015280118,14002.059398945563,2,2
1239,713.1444863748986,-1018.4516621784381,14303.218825517017,2,2
1240,-459.3691329584671,-1582.1761883327208,13032.239109964967,5,5
1241,1381.6344825496262,-1647.9274546217216,13071.02151337846,3,2
1242,-1323.3202498064327,-1696.2841279683876,14663.11851797687,3,5
1243,532.2294188937589,-1255.366911680273,16396.54270732431,3,4
1244,1835.925625557515,-1629.6554229930368,12709.17652061901,2,2
1245,-577.8069686337653,-999.4572792676537,13470.346557507291,2,2
1246,-2657.1840184940174,-997.5390461077919,13386.687936991495,2,2
1247,-506.0447749269252,-1196.6599120974813,13802.055654398664,2,2
1248,788.967977161641,-810.839702693566,12464.152968552151,2,2
1249,1178.3085463224088,-1516.0540001547474,12456.550869361328,3,3
1250,1115.6189465875445,-1040.8355851279844,16351.143529817824,2,2
1251,1239.937479782496,-2092.5206904882602,15983.635944000087,2,3
1252,546.4589856702119,-1094.4109026402214,14826.313949252879,3,3
1253,-1198.7323137005415,-1608.9679813365026,14395.110689247887,3,5
1254,-2046.2839949330712,-2015.082680452072,15450.516242244868,2,2
1255,-269.12557268772224,-2150.985636277066,12377.144589517502,2,2
1256,-2053.6333070298365,-787.0197563960778,11739.740668232786,3,4
1257,-629.2214821341253,-664.7429857796192,12808.204110777415,3,2
1258,2054.938459037915,-1767.0428393473692,16338.314801032351,2,2
1259,-778.4996238377078,-1456.138013772086,13373.82932024018,2,2
1260,-269.12557268772224,-2101.4099813516705,12649.93133535443,2,3
1261,-740.8015600050155,-1673.5829397805092,13305.494728092275,3,3
1262,521.6301818196004,-1806.5330551098293,12781.52761480251,2,3
1263,916.42893073788,-1724.6032196797307,15019.30668057137,3,3
1264,-902.2112643545602,-1408.769550363362,12756.13428391589,2,2
1265,968.6204586554838,-1461.8234699769548,13598.002739223764,2,2
1266,-1865.6494351866536,-1125.7946369934762,15922.531205172822,2,2
1267,1665.4424421312237,-551.667300671556,13537.55602436362,4,2
1268,-947.8461480338141,-1279.8052762965733,13380.381664647255,3,3
1269,620.5548542641167,-1995.8731120802106,12487.902661227658,2,2
1270,1227.4355351988806,-966.8368233224502,16081.593679066093,3,2
1271,-2499.383594924246,-1587.7122563898804,12351.255217576998,3,2
1272,1315.7609705692385,-2004.980867860797,12603.993579552614,2,2
1273,-2580.2502970709997,-851.2092499556761,16852.292258287856,2,3
1274,-1496.7014140000342,-1194.125287839203,16519.270155604685,3,2
1275,-310.3474466919771,-1618.069114846203,13564.022248256708,2,2
1276,2455.0562836989893,-685.4242033413956,11995.730337854258,2,2
1277,-1603.4643971472822,-1316.7896854557293,13809.008914911989,2,2
1278,-488.5221462242302,-843.2299456797084,13469.670918016984,3,2
1279,509.63620672817905,-2100.685796509689,14564.037411452304,2,2
1280,1381.6344825496262,-1740.9469696322908,13166.130056582319,2,2
1281,-2507.0688837138173,-637.701417186634,12934.614710969347,2,2
1282,-887.1385641212797,-2068.62387712733,13939.206144120772,3,5
1283,80.22180567025543,-1985.1499851086,14004.001331261199,2,3
1284,-1550.759948303174,-1448.3380254552742,11796.659410333583,2,2
1285,544.7313634773743,-1129.0112822103702,15883.386065743289,2,2
1286,246.45668192297268,-827.6608222345943,13577.550392486202,3,3
1287,258.2676876446249,-1573.0918117710248,13969.556093728092,2,4
1288,-2560.652470612029,-1839.0613179269963,12709.17652061901,2,3
1289,-971.3067104524581,-1063.7475614060586,12612.913317263592,2,2
1290,713.1444863748986,-2125.070356527778,14141.444134575713,2,2
1291,2503.7096793803407,-1499.5531308362583,13579.817454309055,2,2
1292,93.3198906798826,-1403.7956051839603,12658.194316429372,2,5
1293,-902.2112643545602,-1250.7474611692267,12225.849475796087,4,3
1294,1315.7609705692385,-1680.6426605317438,12963.460175276885,2,3
1295,1655.8495301028952,-919.1860202701429,12913.638329600897,3,2
1296,-813.7406089393793,-1184.006594934778,12782.190743654175,2,3
1297,-1002.7123292514643,-1069.9647635773645,14979.30319042669,5,4
1298,-1935.0498997425263,-2250.0139371333316,12557.472369360581,3,2
1299,2054.938459037915,-1649.1617639907424,14798.235002269821,2,2
1300,-879.5151238993002,-948.1796127450307,11907.653718639207,4,3
1301,-497.0823356041759,-1195.9050318444588,15817.697338404469,2,2
1302,935.1411690769065,-1223.3159496139062,15897.12901425816,2,2
1303,1745.0746509616886,-1335.1153895359375,14144.362964120402,3,3
1304,788.967977161641,-1761.519289502809,12622.791178377367,2,2
1305,509.63620672817905,-1487.9324959020228,15671.819070570291,2,2
1306,1913.0747914843403,-636.5907278078723,12790.459888550724,2,2
1307,-2677.1123358509794,-1613.1197492828185,13484.568236126497,2,2
1308,107.2912068848536,-1353.5001902945937,13114.733558499625,6,3
1309,2130.7619498246577,-1064.1574620713238,12382.440453222887,3,4
1310,-990.0688370588917,-1470.3256112912923,15178.808571901225,2,2
1311,-1917.5005908674145,-2050.234403628194,13538.599135170223,2,2
1312,2525.559962054644,-2127.5659399465103,12277.736136575482,2,2
1313,-1921.736428732448,-497.3603516672333,12715.738800945248,3,4
1314,-1609.14369371024,-1209.3261060726984,13044.911169621062,3,4
1315,527.0146763003576,-1395.7800081000262,13343.547362802654,2,2
1316,2293.884008927955,-1370.5805750111554,12991.067550923679,4,4
1317,-792.2002965469433,-1547.0298089282755,11690.223604072922,2,3
1318,-2045.5888650281,-1055.9403919632146,12004.311605897437,2,2
1319,1984.393204156969,-1012.7222380037464,14161.102128181223,2,2
1320,-1520.130087544027,-981.6442669860274,15928.469015562318,2,2
1321,-1522.1489267013371,-1091.0220825018414,12395.39736438364,5,5
1322,-2527.851411853184,-1593.540811815471,13473.252695094325,3,2
1323,729.0475123040368,-1978.8869323775348,11818.714567254014,2,2
1324,1809.3227515667718,-1627.4856110592373,11761.913415250669,2,2
1325,-653.2661061349131,-1144.1045660740235,14008.944844438389,3,2
1326,-222.77068199544104,-1950.4739399464975,12727.204668082033,3,3
1327,2552.7010002146294,-974.3380099337028,12790.144522277516,2,3
1328,-635.9061717258663,-1161.440124192146,13783.197351662882,2,2
1329,2527.6018890170617,-1607.9337130070626,12687.779448595584,5,3
1330,-599.4734224049432,-1104.1731561762779,14673.592892048824,6,4
1331,-1422.2899391798828,-2165.1123831798914,13513.72498765941,2,3
1332,585.4596975149213,-2095.047922586842,12056.870948476484,2,3
1333,-2390.406941935745,-1655.3699465346604,13028.69742407377,2,2
1334,831.8974341653453,-1628.319593178354,11933.052301529982,2,2
1335,-1149.1420346388484,-1055.5071617833498,12906.548199756333,3,3
1336,-2931.1461956305516,-1006.7446883410629,12539.205374648996,2,4
1337,1239.937479782496,-2054.5681543729897,14825.528910833342,2,2
1338,-181.55979461055216,-515.0993412019888,12202.591976971957,2,2
1339,-160.63291464780204,-1596.2561399760814,11844.029174920057,2,2
1340,1403.8292773228632,-715.068321400038,11994.65598099239,2,2
1341,1225.4899591587425,-1829.4780779781715,13287.365669995608,2,2
1342,753.8728204124457,-2316.954130089021,11953.000238617044,2,2
1343,-226.83858093690938,-2038.515541629644,16204.340846577066,2,2
1344,-310.54256549341085,-1608.296438199746,16046.968784321098,4,2
1345,346.1592512084922,-734.862620425341,12108.442464870704,2,3
1346,-370.328281567315,-1258.675688601786,12056.030758832618,2,2
1347,-1472.8560136827418,-2037.5368146956991,15022.026726464514,2,2
1348,-444.85569630395906,-831.83689339235,12794.274003882976,2,3
1349,-2512.6401387154624,-734.2229273746307,16478.426335108015,4,4
1350,-721.454384636996,-1024.5734613878953,12996.048148717036,3,4
1351,-1459.5113439691916,-1830.1781860837934,15978.457296737954,2,3
1352,935.9624060070407,-1359.8088587052969,13108.94705175289,3,3
1353,-639.6954770024853,-862.3904519135785,13166.936367189282,5,4
1354,2468.5252437083386,-1938.626439843974,12808.040101318005,2,6
1355,1303.5554492412784,-1629.7362634023432,15035.995558302448,3,3
1356,-567.1106915284935,-1691.3624507563902,14573.170428217401,2,2
1357,2399.8106749322815,-1464.311052475444,15671.09594604098,2,2
1358,-250.1788190206508,-1597.5552723935596,12986.177821872345,3,4
1359,-323.15214969382095,-738.2637795089443,12534.824552306038,4,5
1360,-1451.5938594853797,-1330.3575811156077,11855.844989461928,2,2
1361,-2246.90500244629,-937.4390363587645,13006.566961974231,2,2
1362,-1463.7668666073973,-1497.6868920697113,16604.62109311197,2,2
1363,1024.7157600724563,-820.9099671569704,13892.481973754291,2,2
1364,499.9202739097113,-1104.9142801876396,15484.26440716282,2,2
1365,-840.7157980698274,-1724.6436809997113,16541.222723605326,3,3
1366,-740.8015600050155,-1869.1926097505857,12299.315013167978,2,2
1367,683.7354310331909,-1070.6184551189383,14082.08760384504,2,3
1368,631.4737287726857,-1682.1021748269334,13576.749500483153,2,4
1369,890.2823845550802,-1996.9425932424497,13360.823103186438,2,3
1370,740.9959050152638,-1550.9448868322286,11779.739102275023,2,2
1371,-951.2240180629052,-1695.8040480028108,14693.464819897477,3,2
1372,2415.1817287011245,-1277.8177630236921,15520.62345158974,5,3
1373,1419.327092249574,-1781.4988750730713,12853.788115181358,3,2
1374,-1492.9770849467109,-1052.2680939145716,12406.762798706544,2,2
1375,-1032.8621226325893,-1825.21817181894,15145.329192365905,3,3
1376,1357.7418834940204,-1274.923594115773,13726.51848515797,4,3
1377,-485.82921101291674,-2081.559422842696,12599.403851741468,2,2
1378,415.02983310904415,-1838.8171987985927,12902.240433552757,2,2
1379,2012.9710750276188,-1084.4868116271462,13082.514019943204,3,3
