event_id,track_idx,true_pdg,true_label,is_muon,length,nhits,dca,angle,dist_to_vtx,z_depth,start_z,end_z,straightness,total_energy,dedx,length_rank,is_longest,z_depth_rank,muon_score,predicted_label
437,1,211,non-muon,0,901.3773,15,103.17396577074032,15.137974824905037,520.5354418994913,720.0,15913.0,16633.0,17577.473268283284,19.666958,0.021818785,2,0,2,0.11,non-muon
888,0,13,muon,1,2434.6628,34,48.965554279294,103.77381622601487,221.2948501839254,2150.0,12963.0,15113.0,23874.822748142637,80.236595,0.032955937,1,1,1,0.89,muon
1250,0,211,non-muon,0,2143.8037,21,71.18760592913281,21.37287273721362,596.9299572130898,1920.0,16233.0,18153.0,57215.68206278747,39.74527,0.018539604,1,1,1,0.35,non-muon
1209,1,2212,non-muon,0,416.60605,9,75.52870881404655,139.81017456118585,121.77013657128329,385.0,12138.0,12523.0,184.81088666058073,42.53048,0.102088004,2,0,2,0.16,non-muon
605,0,22,non-muon,0,2012.7124,28,523.7300554157863,82.74603729634511,528.8755183987788,1935.0,12138.0,14073.0,29435.04632258006,36.873978,0.01832054,1,1,1,0.23,non-muon
968,0,13,muon,1,2563.4429,27,978.6624151558989,149.5356213603726,1829.7842380220984,2320.0,15513.0,17833.0,6131.271900199996,68.114655,0.026571551,2,0,2,0.95,muon
1293,0,13,muon,1,2859.2212,48,559.6123687581285,8.376662854675725,5851.862140246057,2715.0,11918.0,14633.0,25319.827236634224,132.4244,0.046314847,2,0,2,0.89,muon
747,1,2112,non-muon,0,1919.2438,15,36.4739655998401,169.20434990848963,836.9238362362489,1440.0,16713.0,18153.0,34905.368393860816,13.27014,0.0069142543,1,1,2,0.03,non-muon
669,0,13,muon,1,2939.8591,37,1680.8783811522828,21.853734864626713,4345.968513707534,2880.0,13833.0,16713.0,8688.301398091044,77.91154,0.026501793,1,1,1,1.0,muon
1344,1,211,non-muon,0,1904.8909,15,126.31665714879547,173.09173804115457,1456.833265889033,1360.0,16313.0,17673.0,7185.290074187607,17.706024,0.009295033,2,0,2,0.04,non-muon
1102,1,13,muon,1,1199.7235,16,151.2915613754845,179.32634016574502,4257.99306754464,1120.0,14553.0,15673.0,19663.451250939423,56.663307,0.047230303,2,0,2,0.68,muon
655,1,211,non-muon,0,1116.0183,18,37.73218627677463,19.962901702562554,159.73565924769935,825.0,12193.0,13018.0,10334.396991198868,61.71203,0.05529661,2,0,2,0.04,non-muon
1156,0,13,muon,1,2937.6565,42,320.2965338274605,29.36424678516594,1066.870629849321,2765.0,12908.0,15673.0,119787.06969113226,113.41625,0.03860773,1,1,1,0.97,muon
33,0,13,muon,1,2881.7288,42,696.686552598609,60.663964179425115,858.7099378543852,2850.0,12743.0,15593.0,11432.291016350586,128.4033,0.044557735,1,1,1,1.0,muon
865,1,2212,non-muon,0,1249.8181,17,135.5237903789177,27.115501988991273,317.79306710679003,1155.0,12028.0,13183.0,415.9197705468161,53.78702,0.04303588,2,0,2,0.16,non-muon
929,0,-211,non-muon,0,1576.725,22,62.307626106132616,150.75226337325304,485.13795572835323,1460.0,12853.0,14313.0,16697.843083567615,41.857616,0.02654719,1,1,1,0.47,muon
416,0,13,muon,1,2968.7402,40,2148.3168308946388,57.227844693957806,2655.0829971096973,2960.0,13513.0,16473.0,24962.331998873273,97.967384,0.03299965,1,1,1,1.0,muon
968,1,211,non-muon,0,3418.3574,28,1235.4647906282341,23.140596846106977,3178.571331667233,2560.0,15033.0,17593.0,148945.4717516407,58.4681,0.01710415,1,1,1,0.56,muon
198,0,2212,non-muon,0,3020.9268,22,489.27210963589846,33.98454508836356,1196.717705355095,2160.0,14073.0,16233.0,71142.173209633,27.549833,0.009119662,1,1,1,0.14,non-muon
706,0,22,non-muon,0,2846.9165,24,56.53782908841853,10.134557298760672,1243.2122118763366,1440.0,15033.0,16473.0,15373.212113666834,49.39769,0.017351296,1,1,1,0.25,non-muon
365,0,211,non-muon,0,2901.0735,38,168.4586752179888,166.4231864310612,1075.0393632453295,2800.0,13753.0,16553.0,8214.995729833601,98.745995,0.034037743,2,0,1,0.8,muon
1093,1,13,muon,1,1237.8317,12,148.74393275815962,7.089525740228684,1174.706914025689,880.0,14793.0,15673.0,46179.271284598326,28.080761,0.022685444,2,0,2,0.17,non-muon
82,0,13,muon,1,2707.4148,44,287.53666800148807,175.64258007469684,4178.6321411889,2630.0,12083.0,14713.0,8764.400754380853,120.33506,0.04444648,1,1,1,0.98,muon
6,0,13,muon,1,2601.8564,40,645.0283491749425,81.57846897181891,736.7155139301898,2520.0,12193.0,14713.0,26777.39725604758,121.28703,0.046615575,1,1,1,0.97,muon
625,1,13,muon,1,2133.5286,23,710.3137255726045,139.48592884792126,1093.4806654602485,1840.0,16153.0,17993.0,24996.71193763724,59.767853,0.028013617,2,0,2,0.84,muon
1020,0,13,muon,1,2422.5825,29,1751.6699688281826,146.35515635225124,3269.091884223378,2160.0,13913.0,16073.0,5919.098024615117,82.944626,0.0342381,1,1,1,1.0,muon
525,0,13,muon,1,3965.0173,60,346.99472270210504,177.78874955352111,7672.9081514747995,3735.0,11698.0,15433.0,9180.793408558815,209.42148,0.052817293,1,1,1,0.97,muon
376,1,13,muon,1,1715.0724,21,1609.134724573506,145.27802750940572,2919.507049516006,1600.0,13753.0,15353.0,7893.052606456152,54.945946,0.0320371,2,0,2,0.8,muon
869,0,211,non-muon,0,2666.5552,14,968.2638151055667,62.66215399142997,1138.3502421675478,705.0,13128.0,13833.0,5753.998065092231,34.433353,0.012913047,1,1,3,0.05,non-muon
359,1,211,non-muon,0,694.51697,16,291.2961215130341,12.187357907901367,1804.789871915492,575.0,13018.0,13593.0,9536.725255913441,178.07329,0.25639877,2,0,2,0.11,non-muon
1353,1,13,muon,1,2007.9086,26,2480.6695577413743,139.24555414544565,3899.131928989434,1600.0,15753.0,17353.0,9331.581003181655,71.77084,0.03574408,2,0,1,0.96,muon
219,0,211,non-muon,0,2709.026,46,210.21644610221568,153.59955038727875,682.674449635182,2685.0,12028.0,14713.0,52295.01577921484,126.1239,0.04655692,1,1,1,0.91,muon
286,0,13,muon,1,2463.2156,33,60.71014294261801,175.6449525293543,3482.252806045039,2400.0,12633.0,15033.0,365956.4533278659,75.246346,0.030548014,1,1,1,0.64,muon
1027,1,22,non-muon,0,698.3765,11,74.95135698989743,118.42491475010524,274.6679332645053,660.0,12743.0,13403.0,46013.682641136045,9.475546,0.013567962,2,0,2,0.0,non-muon
235,1,22,non-muon,0,1342.7488,13,71.47836414944234,0.45423599109303475,8108.656338550544,825.0,11698.0,12523.0,5443.279728320312,13.889916,0.01034439,2,0,2,0.07,non-muon
1158,0,13,muon,1,3799.6702,55,3247.994957712845,65.66344621991117,3497.18768991942,3775.0,12138.0,15913.0,11051.147095189226,144.66306,0.03807253,2,0,1,0.9,muon
791,1,22,non-muon,0,1027.5851,11,1103.249599967504,71.81229099618389,1171.2654177930895,880.0,16233.0,17113.0,3978.9022257301067,74.51371,0.072513424,2,0,2,0.38,muon
676,1,2112,non-muon,0,1945.3213,20,207.89895359112793,170.7753341316037,1055.2898477748336,1425.0,12248.0,13673.0,16632.954250625666,44.342926,0.022794655,1,1,2,0.25,non-muon
1345,1,13,muon,1,2015.3748,25,977.042764934636,147.80274228312712,1832.24511494252,1650.0,11863.0,13513.0,5976.603346691586,68.019844,0.03375047,2,0,2,0.54,muon
203,1,13,muon,1,2211.5173,27,1145.4846918592702,44.39613933838146,2272.093237336836,2160.0,15673.0,17833.0,61335.00145554565,60.881466,0.027529273,3,0,2,0.86,muon
149,1,211,non-muon,0,1782.9249,26,2.7882267105550964,19.212913212819476,335.94819155657507,1705.0,12688.0,14393.0,21566.43715168431,120.851875,0.06778293,2,0,2,0.48,muon
597,0,-211,non-muon,0,2049.2964,37,13.904841557761506,170.9178062354152,644.5133082015079,1970.0,11863.0,13833.0,24886.91127548724,90.027275,0.04393082,1,1,1,0.55,muon
736,0,13,muon,1,1927.3892,18,216.89034741738377,167.80105784751044,999.5431108757549,880.0,12083.0,12963.0,7444.666447399983,36.496117,0.01893552,1,1,1,0.11,non-muon
418,1,13,muon,1,1279.3197,17,480.0232392795244,4.033325133445609,4864.375402181346,1200.0,15513.0,16713.0,9373.719101574206,44.028896,0.034415867,2,0,2,0.57,muon
894,1,13,muon,1,1375.8947,19,1076.421992441449,160.27462711991015,3436.5198153791384,1280.0,13753.0,15033.0,16928.792152311336,55.31946,0.040206175,2,0,2,0.68,muon
1363,1,13,muon,1,3297.3308,40,721.3805975882333,177.68136532712697,16682.58593453707,3120.0,14953.0,18073.0,13149.562845662298,101.73549,0.030853892,2,0,2,0.99,muon
1002,1,13,muon,1,971.8641,13,419.9369585388536,3.9747471306945124,5646.448818120888,880.0,14473.0,15353.0,4827.279396383257,21.834322,0.022466436,2,0,2,0.34,non-muon
481,0,13,muon,1,5151.929,70,166.33352531533333,168.89392508354717,3905.939006141651,4875.0,12798.0,17673.0,295687.0317815924,182.42789,0.035409626,1,1,1,0.94,muon
76,0,13,muon,1,1306.7462,14,704.3799935167075,162.50484707740583,2241.212740388939,800.0,16393.0,17193.0,3484.4626227523213,50.00522,0.03826697,1,1,1,0.59,muon
1290,1,22,non-muon,0,1094.4644,14,12.984301802016969,172.48327665730397,1323.2127575348088,960.0,14153.0,15113.0,17358.317929959587,18.997946,0.017358214,2,0,2,0.05,non-muon
784,1,2112,non-muon,0,953.89746,12,75.89248853021226,9.254572191283238,390.56591461545383,550.0,12853.0,13403.0,592.9133783048441,44.293617,0.046434358,2,0,2,0.02,non-muon
1170,0,13,muon,1,4594.861,61,79.84901591513108,111.11833992426507,769.1200105651538,4505.0,12688.0,17193.0,47131.848328453234,162.90628,0.03545402,1,1,1,1.0,muon
1036,1,2212,non-muon,0,1741.3243,12,320.923494986277,27.291034182180724,819.129226556202,1690.0,13183.0,14873.0,4519.741730246548,101.43315,0.05825058,2,0,2,0.48,muon
1036,0,2212,non-muon,0,1753.9385,22,320.92349498627715,29.1585065906071,616.6072817235665,1690.0,13183.0,14873.0,1636.3419063143122,76.42695,0.043574475,1,1,1,0.84,muon
1238,1,22,non-muon,0,1139.027,15,123.42645805756355,171.8391814477368,795.3569613917674,880.0,13993.0,14873.0,21491.306630879342,49.401848,0.04337197,2,0,2,0.24,non-muon
736,1,2212,non-muon,0,825.1896,17,216.890347417384,30.29070660990009,408.608220873571,825.0,12138.0,12963.0,196.32098787572406,74.61396,0.09042039,2,0,2,0.11,non-muon
452,1,211,non-muon,0,847.54486,10,76.02520589042344,171.99924639973628,552.0306625734206,640.0,17033.0,17673.0,739.908322016742,15.270058,0.018016813,2,0,2,0.14,non-muon
1146,0,2212,non-muon,0,995.7705,24,50.384475136774604,125.11896196742931,464.7674676915791,770.0,12248.0,13018.0,37097.34406462506,64.56206,0.06483628,2,0,2,0.24,non-muon
1336,1,211,non-muon,0,1175.9915,20,8.034118619127069,51.6498500656018,87.15333348694958,1100.0,11973.0,13073.0,4930.270446852947,36.430134,0.03097823,1,1,1,0.3,non-muon
247,1,211,non-muon,0,954.4464,19,274.0722262027877,28.813992190761816,562.9985887889848,935.0,12303.0,13238.0,194.75712558947677,72.7795,0.07625311,2,0,2,0.05,non-muon
182,0,13,muon,1,1930.1925,32,293.08331794657823,164.15481508334682,1745.052587540402,1925.0,11533.0,13458.0,9249.532210390593,76.73549,0.039755356,1,1,1,0.66,muon
1268,0,13,muon,1,3145.3623,44,831.093790345282,14.703786734745414,3028.0037290831565,3070.0,12523.0,15593.0,3836.3618021439065,98.99956,0.03147477,1,1,1,1.0,muon
780,0,13,muon,1,3042.2,43,972.362171523663,168.81894017258594,5180.754744392375,2985.0,12688.0,15673.0,6243.499054536421,159.46356,0.052417185,1,1,1,1.0,muon
233,0,13,muon,1,4086.6243,55,879.774790437217,128.75002513299418,1257.0742910454753,4080.0,13913.0,17993.0,31868.574286422558,125.89371,0.030806284,1,1,1,1.0,muon
1302,0,211,non-muon,0,2276.7844,27,2.780731279385467,34.366200183801304,155.37102490769377,2000.0,15753.0,17753.0,13508.248559079273,86.41199,0.037953522,2,0,1,0.67,muon
605,1,22,non-muon,0,1215.9635,17,682.7269838082509,83.46577454120558,688.0885927448796,1210.0,12248.0,13458.0,11399.640464269742,14.982436,0.012321453,2,0,2,0.0,non-muon
1236,0,13,muon,1,3089.1035,40,2822.891752738482,131.51551128964732,3866.5978086835703,3040.0,13993.0,17033.0,7191.45215081774,88.591156,0.028678598,1,1,1,0.98,muon
1162,0,13,muon,1,1633.97,26,265.0984694332576,18.73628174526746,916.5930862907694,1450.0,13183.0,14633.0,22899.67093762125,55.390896,0.03389958,2,0,1,0.55,muon
1321,0,13,muon,1,2826.584,42,1632.1762017846386,33.97537567359456,3308.6607644874266,2045.0,12028.0,14073.0,230363.96124899326,95.72445,0.033865772,1,1,1,0.56,muon
871,1,13,muon,1,1446.8334,15,1363.8288842383552,150.22842863519782,2709.112808259558,1040.0,15513.0,16553.0,4248.965993366628,33.40085,0.023085484,2,0,2,0.48,muon
1303,1,13,muon,1,1588.031,22,410.35173405109305,90.31291108917394,410.9650977903537,1520.0,14233.0,15753.0,192.57757544487276,48.081867,0.030277662,2,0,2,0.65,muon
1119,1,13,muon,1,920.62427,13,2133.3658561091647,81.40509739588008,2151.787726004737,800.0,16073.0,16873.0,556.848961326864,28.886461,0.031377036,2,0,2,0.76,muon
921,1,211,non-muon,0,1666.9604,29,67.41178346802984,176.8469857196663,5925.586876193744,1650.0,11863.0,13513.0,62830.95381723602,79.90916,0.047937043,1,1,1,0.39,muon
155,2,2212,non-muon,0,1123.7747,13,16.146191566791884,17.790587134635878,363.52948220003464,770.0,12248.0,13018.0,12908.514968921394,16.564854,0.014740369,3,0,3,0.01,non-muon
749,0,13,muon,1,2276.9204,32,119.41274769211952,169.91236048025377,326.41324998911523,2150.0,12963.0,15113.0,3840.1994237240233,105.090195,0.046154533,1,1,1,0.85,muon
1301,0,13,muon,1,1786.8561,22,715.3249873561692,4.6140181356446215,8559.19545952258,1600.0,15513.0,17113.0,5260.011257697776,93.50917,0.052331675,1,1,1,1.0,muon
1231,1,2212,non-muon,0,1473.5219,13,13.446334203913707,172.1387371088391,374.1156046776102,850.0,12743.0,13593.0,8190.405693741339,32.064964,0.021760765,2,0,2,0.05,non-muon
325,1,130,non-muon,0,2790.0562,27,158.5339663744053,170.477389177694,1195.4364556287412,2790.0,12083.0,14873.0,28595.609349972823,57.098606,0.020465039,2,0,2,0.2,non-muon
1262,1,13,muon,1,2560.2444,31,1350.8109514201944,119.33679632364705,1596.835593657737,2560.0,13673.0,16233.0,9311.438790143015,62.319466,0.024341218,1,1,1,0.97,muon
1326,0,22,non-muon,0,1731.1122,29,43.309666010768304,171.6887488657248,600.0493653291267,1530.0,12303.0,13833.0,15116.28700178411,67.87386,0.03920824,1,1,1,0.51,muon
368,0,13,muon,1,2871.322,41,68.3774446236296,84.2569917488834,70.39005200337112,2670.0,12523.0,15193.0,4891.695551308624,104.937515,0.03654676,1,1,1,0.98,muon
378,0,211,non-muon,0,3864.6252,29,41.15150193572612,175.80369418405888,913.3031656680566,2325.0,11588.0,13913.0,73097.70899650044,33.915028,0.008775761,1,1,1,0.1,non-muon
589,1,-211,non-muon,0,2108.9724,13,13.42520410751754,176.7370602169425,1772.540631768507,1410.0,12743.0,14153.0,34634.148670259914,22.085121,0.010471982,1,1,2,0.08,non-muon
1,0,13,muon,1,2004.6732,38,922.0279135143132,4.820070859816475,7500.189873610673,1780.0,11973.0,13753.0,26208.15502331314,126.04004,0.06287311,1,1,1,0.8,muon
884,2,-321,non-muon,0,1370.6581,17,511.24750334074656,24.490754136449098,1347.9044316488387,1280.0,16233.0,17513.0,14467.949590910333,22.756578,0.016602665,3,0,3,0.05,non-muon
1051,0,13,muon,1,3866.6316,54,529.2582649318579,9.46515252687237,3376.5948560242387,3700.0,12853.0,16553.0,35219.47856639809,150.44682,0.038909014,1,1,1,1.0,muon
355,1,130,non-muon,0,1494.8451,12,64.57297355992061,171.46309643485992,997.9869784004612,960.0,14873.0,15833.0,15463.197089303716,21.534218,0.014405652,2,0,2,0.04,non-muon
95,1,211,non-muon,0,449.0539,8,138.85658905144166,165.96138492825065,539.4701855091968,385.0,13018.0,13403.0,249.63753568716285,22.76418,0.050693646,2,0,2,0.13,non-muon
1189,1,211,non-muon,0,1400.9874,16,31.066260939856207,21.235416364595675,70.558074650831,715.0,12413.0,13128.0,3464.1904266188626,32.728027,0.023360686,2,0,2,0.05,non-muon
68,0,13,muon,1,2401.0425,34,1057.6181443946937,13.957465232264434,4099.4261863989095,2400.0,13993.0,16393.0,4248.088263216197,93.70698,0.03902762,1,1,1,1.0,muon
544,0,13,muon,1,4189.286,48,83.0786306318865,164.51280154138513,269.9142417213092,4130.0,12743.0,16873.0,11987.757086541902,151.57932,0.036182612,1,1,1,1.0,muon
1023,1,211,non-muon,0,1670.0758,22,18.676442096587998,24.90075904663755,909.0109945291971,1360.0,15433.0,16793.0,53494.79593289758,41.67689,0.02495509,2,0,2,0.22,non-muon
793,1,-211,non-muon,0,1098.3104,18,32.82048845114573,8.06183119983936,359.15948023668346,935.0,12248.0,13183.0,1543.0686576581616,38.29344,0.034865774,2,0,2,0.04,non-muon
1118,0,211,non-muon,0,1530.2544,24,96.32528614468873,7.399358303304078,1189.130652921192,1520.0,14233.0,15753.0,52339.79728633684,83.46043,0.054540228,2,0,1,0.35,non-muon
1327,0,13,muon,1,3387.5232,38,726.3800843142366,30.337320818354197,1559.9886844813057,2825.0,12688.0,15513.0,45300.94640616351,119.99724,0.035423297,1,1,1,1.0,muon
513,1,13,muon,1,1425.9395,19,797.3145899124653,78.12297540076855,926.204249002724,1200.0,13753.0,14953.0,11209.491226220287,43.771004,0.030696256,2,0,2,0.6,muon
1258,1,321,non-muon,0,1206.1836,13,21.190139775686415,3.551158696269206,717.0944551189249,880.0,16233.0,17113.0,8391.291901900804,27.926083,0.023152431,1,1,2,0.15,non-muon
1323,0,13,muon,1,2334.7053,34,109.06506083344848,37.94798292747456,345.3441946119953,1485.0,11643.0,13128.0,18690.293623179114,96.03526,0.041133784,1,1,1,0.68,muon
773,1,-211,non-muon,0,2456.28,38,163.45633772689618,143.34090977979963,854.0361846798736,1485.0,11533.0,13018.0,37598.93489467849,75.98319,0.030934256,2,0,2,0.3,non-muon
94,0,-13,muon,1,4513.4663,62,177.3837142880066,91.65127116567905,461.2645082588662,4510.0,12523.0,17033.0,8215.378732287174,124.22035,0.027522162,1,1,1,1.0,muon
1284,1,2212,non-muon,0,1181.1864,14,20.129611802741916,3.81478887006371,511.55024498756643,825.0,11588.0,12413.0,1982.833706174876,38.408276,0.03251669,2,0,2,0.13,non-muon
1366,0,13,muon,1,4083.8313,56,2549.2893369516105,45.378663643363744,3700.156675412719,4080.0,11753.0,15833.0,92184.6241465944,107.58546,0.026344245,1,1,1,0.95,muon
902,0,13,muon,1,3097.2048,40,54.34205702484711,2.957620120391353,655.1758096242995,3040.0,14873.0,17913.0,8673.781516984478,108.7999,0.035128415,1,1,1,0.99,muon
961,0,13,muon,1,1811.8862,22,57.17094332266959,18.48711598078791,915.3397834221968,1680.0,14953.0,16633.0,34030.01718294447,50.646378,0.027952295,1,1,1,0.4,muon
1227,0,13,muon,1,3792.5295,60,854.3850269791003,158.41605490661584,2047.5771388616129,3385.0,11808.0,15193.0,16350.205066393994,252.57797,0.06659882,1,1,1,0.93,muon
582,0,-211,non-muon,0,1827.4894,22,33.00530420672816,172.92608965461707,726.1395961777197,1680.0,15193.0,16873.0,13396.31248263528,33.300583,0.01822204,1,1,1,0.16,non-muon
856,0,13,muon,1,2126.8013,32,907.7936199055865,2.115434434436788,25913.241243284454,1595.0,11643.0,13238.0,5616.338736097183,193.17593,0.09082933,1,1,1,0.66,muon
1040,0,-13,muon,1,2279.2773,29,2647.847724303603,159.64366724223117,7714.64288044388,2155.0,12798.0,14953.0,7674.364338373835,58.998684,0.02588482,1,1,1,0.84,muon
1346,1,13,muon,1,2508.807,43,1131.197749315928,174.71972231277812,10617.862916265576,2485.0,11588.0,14073.0,16604.03579482187,105.61945,0.042099476,2,0,2,0.89,muon
184,1,2212,non-muon,0,683.2851,15,1672.5405788429273,120.25830352374105,1941.6092866894248,660.0,12413.0,13073.0,168.46241504812545,44.879406,0.065681815,2,0,2,0.32,non-muon
1010,1,211,non-muon,0,864.0845,12,244.9134178588691,8.364921501492393,1915.0083750588765,795.0,12798.0,13593.0,3867.4783587310326,41.188866,0.047667637,2,0,2,0.11,non-muon
190,0,22,non-muon,0,1466.1486,18,10.596194781993724,159.1422683256133,98.70690103870693,880.0,12138.0,13018.0,783.6368515451609,29.120102,0.019861631,1,1,1,0.07,non-muon
1355,2,211,non-muon,0,1942.5146,13,654.3086681891374,30.97608539337162,1269.338776980842,1040.0,14953.0,15993.0,8493.545309112957,19.23545,0.009902345,2,0,2,0.04,non-muon
270,0,13,muon,1,1448.4907,23,1414.5682558643675,114.12613379211011,1548.836832392376,1360.0,14713.0,16073.0,5503.551641508713,48.087814,0.033198565,2,0,1,0.63,muon
740,2,-211,non-muon,0,2237.075,17,1013.7098007474805,50.233065374464054,1317.0015612739248,1175.0,12578.0,13753.0,25963.387400258896,28.556479,0.0127650965,1,1,3,0.0,non-muon
1299,1,-211,non-muon,0,862.05804,12,207.1418842475639,29.446856128816012,404.2374443766807,800.0,14553.0,15353.0,1997.206331701533,18.451082,0.021403527,2,0,2,0.16,non-muon
70,0,13,muon,1,1225.3818,20,80.50728254262737,51.518791957771455,573.9408361838073,1215.0,13018.0,14233.0,53759.93788312319,30.593058,0.024966143,1,1,1,0.2,non-muon
35,0,13,muon,1,2781.6897,45,372.8969581724005,176.7960169685537,3303.108834471891,2490.0,12303.0,14793.0,11341.410842069252,186.06432,0.06688896,1,1,1,0.98,muon
718,0,13,muon,1,2024.5371,36,454.58303229695343,170.5096605331363,1906.356222991196,1780.0,11973.0,13753.0,23584.75671522324,69.007225,0.034085434,1,1,1,0.63,muon
790,0,-211,non-muon,0,1325.3872,17,95.81512327963885,7.306858801740196,715.9711896943332,1200.0,14553.0,15753.0,7425.5971376192765,32.865833,0.024797156,2,0,1,0.17,non-muon
253,1,-211,non-muon,0,1353.117,16,927.6967487540456,3.8490677375125832,12472.451873542566,1280.0,13513.0,14793.0,21164.412415799612,39.03807,0.028850477,2,0,2,0.42,muon
895,1,13,muon,1,778.266,12,415.9036874015659,3.2192341800370876,10380.146896353579,725.0,13348.0,14073.0,18158.22278086154,31.291393,0.040206555,2,0,2,0.2,non-muon
630,0,211,non-muon,0,2524.9917,35,60.82290344829298,79.0544443886271,564.1696352158335,2425.0,12688.0,15113.0,47886.972679941886,109.95923,0.043548353,2,0,1,0.63,muon
34,1,2212,non-muon,0,699.38354,8,140.91999127637348,8.754149110479384,1127.0462526916308,330.0,12908.0,13238.0,1397.2436066769303,20.828934,0.029781846,2,0,2,0.12,non-muon
504,1,2112,non-muon,0,2535.6692,15,621.3616569707857,153.97375638140164,1289.4881727607528,650.0,13183.0,13833.0,2060.9987361566045,59.63587,0.02351879,1,1,2,0.33,non-muon
112,1,130,non-muon,0,2750.6106,21,30.76613011706396,171.6044866557334,325.41231089865937,2240.0,15513.0,17753.0,12828.206053129545,22.1226,0.0080427965,1,1,1,0.11,non-muon
1210,1,211,non-muon,0,1008.76416,13,103.08460234881225,7.297012693115646,775.8661952074544,960.0,15673.0,16633.0,64.67165439218847,29.256891,0.029002707,2,0,2,0.15,non-muon
693,2,211,non-muon,0,2475.157,14,613.5869005458388,93.2500850365692,597.4977491296266,1200.0,14393.0,15593.0,15297.184647667538,28.015724,0.0113187665,2,0,2,0.09,non-muon
887,0,13,muon,1,2041.9183,36,35.78462945881677,85.81029584387919,538.0760547489199,1910.0,12083.0,13993.0,33227.43460570731,102.02962,0.04996753,1,1,1,0.78,muon
798,0,13,muon,1,2335.338,30,24.655160939231116,141.15593755506245,70.33929485271632,2160.0,13753.0,15913.0,499.50918589779155,60.50468,0.02590832,1,1,1,0.71,muon
92,0,2212,non-muon,0,1747.4738,31,161.46534400835773,150.43681854968315,105.94174282147597,1540.0,11588.0,13128.0,32369.38011303273,74.29183,0.042513847,1,1,1,0.65,muon
921,0,13,muon,1,1643.3925,33,67.41178346802995,4.347450056050651,5953.158269525597,1595.0,11863.0,13458.0,64388.97889353841,84.279724,0.051283993,2,0,2,0.42,muon
948,1,211,non-muon,0,1238.4446,20,438.1736695730197,16.378500758183545,1380.6729650143743,1120.0,14313.0,15433.0,60940.039749982105,69.20243,0.055878505,2,0,2,0.59,muon
338,0,13,muon,1,1926.5686,21,504.46662828316016,10.525628069092631,2737.482818832339,1600.0,13753.0,15353.0,4766.747492583258,49.948082,0.025925929,1,1,1,0.71,muon
599,0,13,muon,1,4589.6455,46,25.698890530251226,142.1939235925387,838.1131433454356,4390.0,12083.0,16473.0,126579.1294598265,78.037445,0.017002935,1,1,1,0.65,muon
594,0,2212,non-muon,0,1862.6552,33,74.30816158492647,167.02670341407986,387.19358774428974,1785.0,11808.0,13593.0,5904.4019550287285,101.4068,0.054442067,1,1,1,0.7,muon
1363,0,13,muon,1,4204.4,52,721.3805975882333,176.9150917743669,14487.432466388058,4115.0,13238.0,17353.0,24405.38661647021,199.55888,0.047464296,1,1,1,0.99,muon
17,1,13,muon,1,807.413,9,28.361839948767965,178.91884664051966,421.6604825387954,600.0,13073.0,13673.0,1311.5191290195116,51.133156,0.063329615,2,0,2,0.15,non-muon
281,0,13,muon,1,2949.537,40,316.1545768233638,171.02920836521386,2453.1827514179786,2880.0,14153.0,17033.0,12526.123276089746,147.4997,0.050007742,1,1,1,0.99,muon
404,0,13,muon,1,1328.2811,21,800.1631561598027,53.75120663353282,969.7603249830804,1305.0,12688.0,13993.0,3561.669404824096,67.8169,0.051056135,2,0,1,0.41,muon
1199,1,-13,muon,1,5552.282,76,1894.0419101474054,1.8968364533404407,54591.03359707389,5550.0,12523.0,18073.0,22364.93973140221,214.43726,0.038621463,2,0,2,0.92,muon
158,1,211,non-muon,0,1354.8037,14,123.07471459191595,11.680293914622126,677.3934931751448,1200.0,16873.0,18073.0,1650.366303765538,29.58487,0.021837015,2,0,2,0.23,non-muon
291,1,13,muon,1,1564.8429,24,1700.6868976161597,158.6847547219002,4943.370518481617,1440.0,14713.0,16153.0,21779.454248251113,44.091175,0.028176103,2,0,2,0.75,muon
66,1,-211,non-muon,0,1450.4314,24,42.050838839333416,177.87873559731293,1181.064222649823,1450.0,12303.0,13753.0,10705.532453735774,35.148415,0.024233077,2,0,2,0.13,non-muon
88,1,2212,non-muon,0,676.90906,12,258.8735537305015,170.30441151905146,2773.755582663279,630.0,12963.0,13593.0,32568.25144282615,17.882217,0.026417458,2,0,2,0.15,non-muon
512,0,13,muon,1,1860.9879,37,360.1585262119354,134.79081766648497,676.5423845105857,1585.0,12248.0,13833.0,81881.08250680288,116.23468,0.06245859,3,0,3,0.43,muon
638,1,211,non-muon,0,2593.321,43,280.91234066666243,166.27379730837185,1920.8910880310968,2455.0,11698.0,14153.0,157403.2151314962,64.24065,0.024771575,2,0,2,0.32,non-muon
1138,1,2212,non-muon,0,1215.4719,23,272.9786658679543,12.502118698728728,1507.3356038198879,1100.0,11588.0,12688.0,2848.202659614416,50.714016,0.041723724,2,0,2,0.18,non-muon
789,1,211,non-muon,0,1137.5986,21,1007.7439139395726,6.458780781363384,9062.638819913198,1120.0,12633.0,13753.0,12185.887543331595,44.16195,0.038820326,1,1,1,0.53,muon
1346,0,13,muon,1,4480.5986,57,1131.1977493159275,173.91316394041846,9726.603532212359,4280.0,13073.0,17353.0,5453.5766964472605,210.05492,0.046880994,1,1,1,1.0,muon
628,1,211,non-muon,0,1347.3406,12,1050.3390326594777,112.84953485269651,1117.5587211058476,1200.0,16393.0,17593.0,713.619022707016,19.132355,0.014200088,2,0,2,0.03,non-muon
960,0,13,muon,1,2014.8256,30,1835.1201153831453,178.0429349870848,52935.542780675445,1745.0,12248.0,13993.0,985.726839436869,89.261635,0.044302415,1,1,1,0.73,muon
466,1,13,muon,1,1164.3685,15,325.15695701819413,179.20518136032678,17742.247168946626,1120.0,15513.0,16633.0,5328.506336981794,26.85336,0.023062594,2,0,2,0.62,muon
746,0,13,muon,1,2974.424,38,132.44829336299688,158.37289791302643,548.8448658779503,2960.0,14233.0,17193.0,24813.60569846922,81.809135,0.027504193,1,1,1,1.0,muon
145,0,13,muon,1,2152.5999,29,484.36073229684024,155.9612081383792,1086.3622535172976,2045.0,12908.0,14953.0,489.84447417922456,120.59313,0.056022085,2,0,1,0.88,muon
869,1,2212,non-muon,0,1555.5131,18,646.9647610751954,29.160800932776596,1257.2899032620198,1520.0,15033.0,16553.0,5428.8269186797925,42.8468,0.027545124,2,0,1,0.48,muon
123,1,22,non-muon,0,568.5201,8,403.60494469815075,176.35541601184602,6338.473018409955,480.0,16153.0,16633.0,320.1365539669461,14.780386,0.025998002,2,0,2,0.39,muon
491,0,13,muon,1,1565.1212,21,95.67347120477292,0.5824134935920435,2135.8653590963045,1445.0,13348.0,14793.0,1199.0122852855438,40.987114,0.02618782,2,0,1,0.58,muon
1277,0,13,muon,1,2997.556,37,723.9699698957512,63.18763008289642,994.8992052161004,2880.0,13593.0,16473.0,35069.903325536114,85.409706,0.028493116,1,1,1,0.99,muon
518,1,211,non-muon,0,2228.979,23,1066.9081917804476,132.52990897622743,1536.2004033262915,1520.0,14153.0,15673.0,8335.586573175893,66.040085,0.029627953,2,0,2,0.81,muon
121,0,13,muon,1,5407.6133,75,2136.2000686970855,114.31586465315206,2433.2913373411366,5395.0,12358.0,17753.0,12358.315416180814,180.44754,0.033369165,1,1,1,1.0,muon
463,0,11,non-muon,0,1128.4701,16,21.003425965167335,1.2936755323121254,1698.8514482119476,1125.0,12468.0,13593.0,230.4083483842657,37.11756,0.032891933,1,1,1,0.31,non-muon
99,0,13,muon,1,1899.9846,30,127.48449816656183,24.585306182979018,345.44591464494437,1535.0,12138.0,13673.0,13749.779552528174,54.45084,0.028658569,1,1,1,0.45,muon
211,1,13,muon,1,722.267,12,62.66638164557617,144.91402981470208,112.72745845334168,490.0,13183.0,13673.0,3783.454959883911,26.727757,0.03700537,2,0,2,0.09,non-muon
43,0,211,non-muon,0,1391.0345,21,6.423879321410203,83.21781816219796,120.14126366936777,1360.0,13913.0,15273.0,36041.525116869656,48.97938,0.03521076,2,0,1,0.41,muon
1213,0,13,muon,1,3862.0593,60,590.7935733246105,9.886030267149632,3930.2393035552495,3725.0,12028.0,15753.0,9225.032837276556,113.585434,0.029410588,1,1,1,1.0,muon
1103,1,2212,non-muon,0,1708.3424,21,418.5644402381338,102.69163851021528,670.8425008146825,1645.0,12028.0,13673.0,68772.55192132815,46.879147,0.027441306,1,1,1,0.34,non-muon
873,1,211,non-muon,0,1259.9791,11,308.75437638356254,36.32388615547241,473.861063348128,935.0,12248.0,13183.0,2282.0526242225824,18.455685,0.014647611,2,0,2,0.01,non-muon
671,0,13,muon,1,2734.452,44,16.784556731159142,168.51554437886227,288.93581533506307,2655.0,12138.0,14793.0,1701.9365419210808,93.01224,0.034014948,1,1,1,1.0,muon
933,1,22,non-muon,0,623.62115,10,33.790303321985284,171.81665753436877,234.17562051170304,605.0,12578.0,13183.0,391.1304008147348,27.647453,0.044333734,2,0,2,0.1,non-muon
971,0,13,muon,1,2231.2393,36,410.97081179225637,15.302152557501206,1022.7256417228112,2130.0,11863.0,13993.0,70312.52378599002,110.44058,0.049497418,1,1,1,0.72,muon
945,0,13,muon,1,2486.6423,34,946.5726175069137,15.12535215098336,5283.287520404497,2320.0,15273.0,17593.0,57594.48076088705,70.43114,0.02832379,1,1,1,0.87,muon
79,0,-13,muon,1,1589.8002,20,87.66743979758036,127.09348443224927,369.583868100245,1520.0,14713.0,16233.0,113275.2328364426,28.26567,0.017779386,1,1,1,0.07,non-muon
1083,0,211,non-muon,0,1342.8544,21,2.0619159369223654,128.04137996895932,429.5635405768075,1320.0,11643.0,12963.0,41115.48081627168,39.822723,0.029655281,2,0,1,0.34,non-muon
56,1,-211,non-muon,0,1841.4365,22,261.9958069213904,101.29954601106209,606.0061236721541,1600.0,12633.0,14233.0,43859.35946678412,40.00228,0.02172341,2,0,2,0.21,non-muon
1201,1,211,non-muon,0,1076.4998,11,46.590540982301064,94.46942816232601,40.45869896501308,720.0,16233.0,16953.0,4337.1049219192355,26.170158,0.024310417,2,0,2,0.18,non-muon
979,1,-211,non-muon,0,2679.464,13,49.00619706368028,2.946516863721587,3739.762946323089,1855.0,12138.0,13993.0,21127.653078825562,13.671389,0.0051022847,2,0,2,0.2,non-muon
1245,0,13,muon,1,750.51306,12,37.362994439959124,10.679175612246517,131.6048128779165,545.0,13128.0,13673.0,3329.4532373633483,18.812025,0.025065552,2,0,2,0.04,non-muon
1311,0,3122,non-muon,0,1696.8218,23,44.047611092945886,21.34715598565673,613.8050354224972,1680.0,13513.0,15193.0,33783.42438999523,57.545967,0.033913974,1,1,1,0.52,muon
424,1,211,non-muon,0,1434.1733,9,2.7225561248738885,178.7130667701943,2145.2386255090096,605.0,12248.0,12853.0,2963.888568488672,20.034344,0.013969262,1,1,2,0.1,non-muon
511,2,211,non-muon,0,807.859,10,1891.7170139022726,144.78871846064706,3177.275542040295,495.0,12138.0,12633.0,3707.929109360112,27.585928,0.034146957,3,0,3,0.2,non-muon
1056,2,211,non-muon,0,803.007,15,1766.9012339617834,159.64443419795936,5057.390577669534,715.0,11588.0,12303.0,1149.09944790371,21.054579,0.02621967,3,0,3,0.2,non-muon
1159,0,211,non-muon,0,1280.3896,20,797.9231082458605,60.38476675922863,976.7893136696391,1250.0,12743.0,13993.0,4339.450088407355,89.27521,0.06972503,2,0,1,0.3,non-muon
109,0,13,muon,1,2480.5674,33,820.3296775817871,173.46921448165813,7224.825929285313,2480.0,13593.0,16073.0,1656.097593523553,74.909615,0.030198582,1,1,1,0.96,muon
1146,1,-211,non-muon,0,1108.4579,16,50.38447513677436,163.40929531225103,394.5656072558174,935.0,12193.0,13128.0,3007.833180281224,46.41248,0.041871216,1,1,1,0.23,non-muon
593,1,211,non-muon,0,880.04114,14,219.5059509416251,3.553316294142492,4131.889431648811,720.0,17033.0,17753.0,10248.26946155679,32.03199,0.036398288,2,0,2,0.45,muon
202,0,13,muon,1,2808.3433,35,1537.3503019250954,142.42826134891408,2678.698631431953,2720.0,14153.0,16873.0,5229.128185707034,85.32754,0.030383585,1,1,1,1.0,muon
1257,0,13,muon,1,2463.9797,33,714.2862698144764,172.44957844879036,6074.933052960878,2165.0,12468.0,14633.0,62774.919512593864,79.80952,0.032390494,1,1,1,0.74,muon
792,0,13,muon,1,3210.9026,49,166.47269632659095,167.6116976242586,639.8760074875884,3155.0,11478.0,14633.0,14851.181928538774,127.11505,0.039588574,1,1,1,0.87,muon
1109,1,13,muon,1,1947.5714,26,170.3287448038604,179.45592624512298,1886.688298104631,1760.0,16233.0,17993.0,10068.424178739217,78.52857,0.04032128,2,0,2,0.8,muon
122,1,211,non-muon,0,723.46704,12,507.33807066277234,172.18947113028696,3691.6800676541507,720.0,16073.0,16793.0,178.27675730780336,17.860851,0.024687858,2,0,2,0.48,muon
18,0,13,muon,1,3458.58,30,1342.1519338516096,33.66308021742207,2466.7236023816813,3200.0,14873.0,18073.0,2932.1757823081493,78.30621,0.022641145,1,1,1,0.98,muon
199,1,321,non-muon,0,2698.8757,23,143.12223277763633,173.31194279583755,1774.0698598732013,2070.0,12963.0,15033.0,37855.121881548526,50.624508,0.018757628,1,1,1,0.34,non-muon
936,0,13,muon,1,2096.3323,28,886.8925629541504,53.03483413096074,1022.9697793833434,1965.0,12908.0,14873.0,8379.591320134457,92.62198,0.04418287,1,1,1,0.97,muon
135,1,-211,non-muon,0,1111.3901,16,62.22162167586114,148.11043428070437,402.8232376506863,845.0,12908.0,13753.0,21572.923744220876,25.287092,0.022752669,2,0,2,0.01,non-muon
750,1,-11,non-muon,0,962.3514,18,106.25178537708818,10.501397333310269,934.975149981916,935.0,12413.0,13348.0,58594.37482611338,32.87081,0.034156766,2,0,2,0.04,non-muon
679,0,13,muon,1,2117.6604,20,912.8614417611884,143.8808307810354,1558.5982061672487,2115.0,13238.0,15353.0,112.9582369186921,49.124382,0.02319748,1,1,1,0.62,muon
351,0,13,muon,1,3109.8071,31,37.59035521041769,8.541942074209432,144.12022611204142,1730.0,11863.0,13593.0,24609.23998614745,110.432945,0.03551119,1,1,1,0.46,muon
452,0,13,muon,1,2143.6675,14,76.02520589042327,5.946579581925432,1035.7387915825302,880.0,17033.0,17913.0,2220.3107796683107,18.731897,0.008738248,1,1,1,0.16,non-muon
1267,0,13,muon,1,1724.5275,24,112.37050693048224,37.05506238098491,723.1665331221974,1600.0,13593.0,15193.0,51728.80498564348,102.64647,0.059521504,2,0,2,0.51,muon
959,2,13,muon,1,975.17584,11,2342.993642520455,139.33153490504472,3589.2874710728884,720.0,17033.0,17753.0,17076.41972487293,56.826916,0.058273505,3,0,3,0.51,muon
556,0,13,muon,1,3139.1868,36,1962.2734333777764,114.00176691681412,2316.161389018786,2640.0,14313.0,16953.0,70617.61417944833,103.37353,0.032930035,1,1,1,0.97,muon
824,1,211,non-muon,0,800.78156,10,168.73175048828125,177.8888699439113,4584.239635199065,800.0,17353.0,18153.0,110.48423516381402,14.853714,0.018549021,2,0,2,0.44,muon
1248,1,2212,non-muon,0,1078.4432,19,19.79465024310111,88.44748445982472,82.72651094594822,1045.0,12303.0,13348.0,8385.161871266519,79.47226,0.07369165,2,0,2,0.04,non-muon
978,0,13,muon,1,4094.9365,45,1368.832363591011,120.18886509583521,1772.7026321080248,3440.0,14553.0,17993.0,5787.744001587608,114.24373,0.02789878,1,1,1,1.0,muon
321,0,13,muon,1,3275.7136,41,1366.8871240993528,101.06591979428853,1275.9663049982446,3200.0,14873.0,18073.0,8411.720117424682,110.67065,0.0337852,1,1,1,1.0,muon
420,0,321,non-muon,0,1874.7806,27,9.952153706888568,177.77305296729116,592.0693034377647,1840.0,15513.0,17353.0,29993.88999119712,54.878487,0.029271951,2,0,1,0.6,muon
32,0,13,muon,1,5121.6396,68,1316.6460192699828,20.378304620290606,3914.7476728023444,4620.0,11533.0,16153.0,29175.72934871733,184.91457,0.036104564,1,1,1,1.0,muon
596,1,-211,non-muon,0,885.3013,16,151.2359333964525,16.863999547269945,507.30335028994733,715.0,12028.0,12743.0,9561.648327382894,38.76876,0.043791603,2,0,2,0.05,non-muon
531,1,211,non-muon,0,1077.579,13,6.83931931687331,121.80638654502914,71.7405132754278,715.0,11753.0,12468.0,5275.778326261236,76.66492,0.07114552,2,0,2,0.06,non-muon
130,0,13,muon,1,3620.32,58,210.4159498731738,178.35727229190664,6016.633683853606,3550.0,11643.0,15193.0,9454.343200362517,160.31122,0.04428095,1,1,1,0.91,muon
190,1,211,non-muon,0,660.23694,14,10.59619478199385,1.5164624431616927,84.65591459865277,660.0,12193.0,12853.0,126.80383520702419,40.398674,0.061188146,2,0,2,0.1,non-muon
1030,2,22,non-muon,0,1713.6842,17,91.05950332557391,5.937397203263757,877.0292585160902,990.0,12468.0,13458.0,4585.826614499683,19.696844,0.011493859,2,0,3,0.0,non-muon
2,1,211,non-muon,0,1089.0558,17,342.25623508341243,154.28924891625007,1449.1997371605498,1040.0,17033.0,18073.0,83091.5333965317,27.933176,0.025648985,2,0,2,0.43,muon
1230,0,13,muon,1,2069.0789,30,1033.1646341740318,173.7855658232607,9252.524236412335,1895.0,12578.0,14473.0,6534.1266012968745,90.22742,0.04360753,1,1,1,0.9,muon
1091,0,2112,non-muon,0,1532.5419,27,6.840442719238901,6.858043580204774,534.3528967156434,1485.0,11698.0,13183.0,4245.957769049623,94.394684,0.061593544,1,1,1,0.35,non-muon
1184,0,-211,non-muon,0,1485.1766,21,32.769489746113024,56.96053374097213,71.99746104856258,1210.0,12083.0,13293.0,3652.6886475210063,51.472187,0.034657285,1,1,1,0.45,muon
1265,0,13,muon,1,1331.7952,23,938.9596088516288,157.6863304710619,2536.2673402719856,1320.0,11533.0,12853.0,219.8891543232973,47.1454,0.035399888,1,1,1,0.21,non-muon
321,1,13,muon,1,2953.4053,38,1366.8871240993526,69.54115359743932,1544.9068658700567,2880.0,14713.0,17593.0,3206.103435876943,79.81862,0.027025962,2,0,2,0.98,muon
765,1,2212,non-muon,0,1107.0068,11,60.51156781868479,161.60301537316707,251.142533175291,1040.0,15033.0,16073.0,395.45123259026366,15.851835,0.014319546,2,0,2,0.02,non-muon
1150,0,211,non-muon,0,1654.6853,16,2.6575120038756963,178.5288089364166,2328.1858052708862,830.0,13403.0,14233.0,15558.915851443151,26.058846,0.015748521,1,1,1,0.16,non-muon
1127,1,13,muon,1,907.45984,13,916.4216299967032,157.67164554711627,2339.6400466253663,800.0,14473.0,15273.0,3783.2777543563598,19.628876,0.021630572,2,0,2,0.38,muon
362,1,211,non-muon,0,1758.1246,18,26.87343980063314,161.3016793748851,281.5232911239337,850.0,12743.0,13593.0,5763.181220745781,38.31394,0.021792505,1,1,2,0.2,non-muon
41,1,2112,non-muon,0,2129.363,23,425.1260212865999,36.387166204912745,843.2127652259015,2080.0,13913.0,15993.0,26065.86064122474,38.39775,0.018032506,2,0,2,0.21,non-muon
728,0,211,non-muon,0,1799.3489,36,350.8234778456342,19.832269789154193,884.8571356841039,1730.0,11863.0,13593.0,65524.25934831091,86.399445,0.048017062,3,0,1,0.32,non-muon
864,0,13,muon,1,4313.2446,61,42.14404375797228,10.629843695489338,933.4449124029006,4200.0,12193.0,16393.0,35810.555325425725,139.2517,0.032284673,1,1,1,0.99,muon
145,2,2212,non-muon,0,1431.8485,14,395.83184155735734,164.326379649671,1634.1942614474403,825.0,12028.0,12853.0,28655.96597340206,46.67424,0.03259719,3,0,3,0.18,non-muon
962,0,22,non-muon,0,2207.6736,30,18.883015670012902,160.3696422905902,1066.2772978909222,1940.0,12853.0,14793.0,31622.182232053685,52.14118,0.023618156,1,1,1,0.65,muon
1379,1,13,muon,1,2379.1738,32,735.7115617191085,21.62195015471317,2266.321728955873,2320.0,14153.0,16473.0,31929.148687196066,119.94208,0.05041333,2,0,2,0.98,muon
1119,0,13,muon,1,3871.1177,47,2133.3658561091634,32.158483685068724,3784.5093270324683,3600.0,14473.0,18073.0,17178.650068337523,126.78277,0.032750946,1,1,1,1.0,muon
519,0,211,non-muon,0,1961.8447,16,4.727594115335046,174.73233049253602,252.74838129707098,840.0,13073.0,13913.0,8876.464106983642,40.47896,0.02063311,1,1,2,0.13,non-muon
446,1,2212,non-muon,0,1218.7025,23,185.62427438322771,173.92983394269297,2509.0697064100177,880.0,12358.0,13238.0,9439.16442017447,164.36258,0.13486686,2,0,2,0.25,non-muon
859,0,-13,muon,1,1638.9421,24,1804.3851996450724,29.125819272370915,3976.0621078944882,1520.0,16153.0,17673.0,5990.506156896115,89.84093,0.05481641,1,1,1,0.95,muon
875,0,13,muon,1,2471.953,31,174.9692282524971,9.621916879772932,462.2064923925992,2275.0,13238.0,15513.0,11574.158951302452,82.25361,0.033274747,1,1,1,0.93,muon
975,1,2112,non-muon,0,1370.5725,10,1156.762395253487,20.823705774795187,3396.09969941206,1040.0,14953.0,15993.0,22471.958200285444,27.156857,0.019814244,2,0,2,0.2,non-muon
1254,1,13,muon,1,894.65405,8,109.49533007569974,6.008904376145394,1138.9334149492386,560.0,15513.0,16073.0,18204.765200781083,13.288664,0.01485341,2,0,2,0.12,non-muon
904,1,13,muon,1,2662.483,34,849.4799278428873,34.93633974545042,1518.5759304961593,2640.0,14873.0,17513.0,3325.5626406073625,59.043827,0.022176228,2,0,2,0.62,muon
806,1,-211,non-muon,0,1750.2864,16,88.21397071677896,2.013439839799572,2688.1488407056936,850.0,12743.0,13593.0,1512.3730544968184,25.647076,0.014653074,2,0,2,0.11,non-muon
470,1,211,non-muon,0,826.3776,15,461.57988987349887,11.943860574471492,2089.099524680258,770.0,12413.0,13183.0,3894.4265160261393,16.10756,0.019491766,2,0,2,0.04,non-muon
1354,0,2112,non-muon,0,2326.9255,25,61.250339084531305,7.060466992285152,1290.8117570629784,1280.0,12633.0,13913.0,9453.375121424497,43.03082,0.018492565,2,0,1,0.18,non-muon
729,1,211,non-muon,0,864.81244,12,154.46418563200348,173.5849291561104,1153.7409043497255,770.0,11698.0,12468.0,611.8720620672624,17.733944,0.020506116,2,0,2,0.02,non-muon
1264,1,13,muon,1,1603.515,15,67.85083779844526,179.7620499404071,14431.378048357796,1600.0,14553.0,16153.0,208.75296118205506,71.26287,0.044441663,2,0,2,0.52,muon
1226,2,13,muon,1,1104.327,17,735.6703510855871,169.39504753766477,3864.060108983708,1040.0,14233.0,15273.0,366.2691695879457,35.66796,0.032298367,3,0,2,0.54,muon
216,0,-211,non-muon,0,1957.7029,23,150.30819582384513,4.551192304296555,1441.0589448466064,1320.0,12083.0,13403.0,11082.0255823747,53.221497,0.027185686,1,1,1,0.23,non-muon
1367,0,13,muon,1,2232.52,26,289.1176326180076,168.55386184226296,1768.9371624740959,2000.0,15193.0,17193.0,4297.564007900916,79.71541,0.035706468,1,1,1,0.9,muon
1341,1,13,muon,1,1863.8092,26,564.3368325866016,3.540746512530467,15059.447926979714,1840.0,14553.0,16393.0,41286.94538496307,57.17656,0.03067726,2,0,2,0.94,muon
1015,0,13,muon,1,1731.6561,18,27.75896401608975,168.86908303467249,383.1384400745846,1360.0,14873.0,16233.0,12553.987122653743,17.704023,0.010223752,2,0,1,0.02,non-muon
508,0,2112,non-muon,0,1202.5533,15,1352.186737842085,151.60748527673312,2757.2324719648177,980.0,12853.0,13833.0,4420.137606126932,54.63199,0.045429993,1,1,1,0.36,non-muon
1132,1,2212,non-muon,0,1582.7938,22,19.690263604050234,108.3128051797311,110.77971448458942,1260.0,12413.0,13673.0,4667.905906752818,91.12286,0.0575709,2,0,2,0.26,non-muon
1239,0,13,muon,1,1554.1637,20,1099.1877382723173,165.7012338553995,4465.169305064815,1520.0,14073.0,15593.0,363.09960621293516,87.47904,0.05628689,1,1,1,0.86,muon
1179,0,2112,non-muon,0,2435.6353,25,30.433463438717503,178.38714804621458,1306.4004987300418,1920.0,13753.0,15673.0,20922.666054910755,88.34428,0.036271553,1,1,1,0.63,muon
684,2,211,non-muon,0,3117.1326,22,156.69284255763094,165.7370163186677,1385.0005300638459,1485.0,11753.0,13238.0,49319.20204533346,27.006886,0.008664016,1,1,3,0.05,non-muon
1375,2,211,non-muon,0,897.7263,12,2266.0624870499123,148.8567801444266,4357.801241645584,720.0,16313.0,17033.0,742.7701924925283,23.842314,0.026558556,3,0,3,0.43,muon
940,1,211,non-muon,0,2008.7887,26,69.88275780664638,174.2264840193034,603.4381762201025,1895.0,13458.0,15353.0,5239.141448403063,104.08098,0.051812805,2,0,2,0.56,muon
366,1,22,non-muon,0,2667.1304,22,1712.4341869036127,26.388590878397345,3865.8928441750204,1445.0,12468.0,13913.0,38214.64726265637,52.334908,0.019622179,1,1,2,0.52,muon
867,1,22,non-muon,0,1730.5245,22,151.3789327851195,173.54357266464822,1168.3401449330495,1600.0,13993.0,15593.0,13734.062977267791,26.713118,0.015436428,2,0,2,0.1,non-muon
1149,1,2212,non-muon,0,2238.606,16,171.32102665989342,6.429453542488188,1331.1263216956693,825.0,11753.0,12578.0,5164.967955465136,20.808159,0.009295141,2,0,2,0.0,non-muon
808,1,211,non-muon,0,1446.649,26,422.4519529181945,18.303718708683856,2051.9393957687557,1375.0,12028.0,13403.0,45983.479505918374,45.522438,0.031467505,2,0,2,0.31,non-muon
951,2,22,non-muon,0,635.2998,8,923.2235742178948,96.60924807539418,928.1139935069995,560.0,13913.0,14473.0,2222.1378807017254,5.9703608,0.009397706,3,0,3,0.08,non-muon
505,0,13,muon,1,2721.803,33,156.2436407954002,3.2477107969267576,4848.672119672591,2480.0,14953.0,17433.0,23377.302088673172,97.862,0.035954844,1,1,1,0.99,muon
1094,0,13,muon,1,3542.1838,35,422.71120051028123,3.232177535114751,15671.403227621666,2990.0,13403.0,16393.0,84973.88499186396,99.91499,0.028207174,1,1,1,0.93,muon
323,0,13,muon,1,4075.4392,58,139.22256998737447,178.27307223647875,3306.5884602580686,4055.0,12578.0,16633.0,8669.998633422096,221.58926,0.054371875,1,1,1,0.99,muon
1317,0,-13,muon,1,6388.2866,90,101.17149867304605,16.749317286396323,1081.891468566668,6300.0,11533.0,17833.0,39400.115604319326,152.37663,0.023852505,1,1,1,0.96,muon
103,1,211,non-muon,0,861.35406,19,167.5325012219646,29.489384534266566,306.634443082078,825.0,12028.0,12853.0,14871.670826194422,50.195187,0.058274742,2,0,2,0.08,non-muon
302,1,13,muon,1,1151.6733,13,80.93080151023392,176.8169265869753,1795.3805192712957,1145.0,12688.0,13833.0,752.0597796537422,29.56562,0.02567188,2,0,2,0.12,non-muon
795,0,13,muon,1,1541.2748,29,114.64900421478201,18.082903371837904,945.3240831022292,1440.0,14393.0,15833.0,62583.113229230345,51.02881,0.033108182,2,0,1,0.4,muon
1176,0,13,muon,1,4456.6133,56,1091.188628001492,131.83883458859748,1394.8049266962078,4275.0,13238.0,17513.0,66923.24577382028,118.89846,0.026679106,1,1,1,0.99,muon
695,1,211,non-muon,0,870.82733,12,51.9211934742559,5.525647318258944,616.3701021796504,550.0,12853.0,13403.0,1949.282363210896,19.670616,0.022588423,2,0,2,0.04,non-muon
173,1,2212,non-muon,0,1124.2566,21,1.9740969942817896,141.97946087427158,274.83950886410355,1045.0,12138.0,13183.0,8631.789608979798,79.99994,0.07115808,2,0,2,0.11,non-muon
1286,0,13,muon,1,3067.9043,35,1568.9940671157865,166.99030467818343,7317.313634251818,2800.0,15033.0,17833.0,17484.775825306326,89.85972,0.02929026,1,1,1,0.98,muon
440,0,13,muon,1,2587.6616,33,959.7485031836148,28.821698154142805,1919.2583486011492,2540.0,13293.0,15833.0,13583.870732533771,62.243153,0.024053821,1,1,1,0.95,muon
998,0,2212,non-muon,0,904.3338,22,37.317124326162606,13.352416196685375,321.91262988622685,900.0,12853.0,13753.0,19863.981626115234,46.223442,0.05111325,2,0,1,0.13,non-muon
708,1,11,non-muon,0,1366.4589,19,123.61496288514161,179.11021020256752,1960.8587259867259,1155.0,11698.0,12853.0,18888.903140802788,36.661366,0.026829468,1,1,1,0.21,non-muon
258,0,22,non-muon,0,1671.6597,14,8.095681586907988,7.612192681161534,502.9107807207504,770.0,12578.0,13348.0,2242.952203253543,14.662776,0.008771388,1,1,1,0.07,non-muon
945,1,13,muon,1,1851.6885,21,946.5726175069136,170.11075726711087,5634.55834226751,1680.0,14713.0,16393.0,1657.1854918977083,40.035637,0.02162115,2,0,2,0.53,muon
1090,0,13,muon,1,4858.406,70,110.60985248320739,8.076165539882762,253.2276870870058,4825.0,11808.0,16633.0,19188.293671482348,223.10834,0.04592213,1,1,1,1.0,muon
556,1,13,muon,1,1963.7855,26,1962.2734333777762,65.77595057594392,2183.5108447181346,1840.0,15753.0,17593.0,6528.730339825283,65.47326,0.03334033,2,0,2,0.94,muon
911,0,13,muon,1,2847.2004,47,32.77912702361628,179.1515194229136,5034.0226250352625,2245.0,11588.0,13833.0,8220.289643951963,175.78152,0.06173837,1,1,1,0.78,muon
209,1,211,non-muon,0,773.45276,10,45.67022840547771,175.69032222459836,617.9895976503207,495.0,12028.0,12523.0,493.90600916482646,15.540836,0.020092806,2,0,2,0.04,non-muon
1342,1,-211,non-muon,0,956.1253,12,14.52509075858337,8.50448118607756,370.5076125723362,935.0,11973.0,12908.0,22444.41220706922,26.173267,0.027374307,2,0,1,0.02,non-muon
730,1,2212,non-muon,0,1299.734,14,11.95488397549211,18.6735938509299,92.71829001056028,605.0,12523.0,13128.0,4464.384409164985,29.459713,0.022665955,2,0,2,0.04,non-muon
459,0,13,muon,1,2713.9102,48,145.3767772527399,163.19068196632827,1267.010113197496,2690.0,11863.0,14553.0,32558.323291562192,90.94025,0.033508938,1,1,1,0.87,muon
483,0,22,non-muon,0,1225.5394,23,12.532412806158456,1.1879765362322514,440.9854825644016,1210.0,11698.0,12908.0,317.9239456417967,44.098328,0.03598279,1,1,1,0.34,non-muon
964,0,13,muon,1,3105.278,50,1403.2775194977282,160.6321703747042,4292.682579601143,2800.0,11753.0,14553.0,4646.138173619408,137.78662,0.04437175,1,1,1,0.99,muon
690,0,13,muon,1,1993.4883,28,1868.1228516373135,137.63577449347693,2799.497723214391,1590.0,12083.0,13673.0,10730.88423173957,80.50528,0.040384125,1,1,1,0.76,muon
700,0,13,muon,1,2443.8545,37,124.18451050021305,71.31773076499096,288.44672286337357,2400.0,12633.0,15033.0,18239.63565671832,111.05984,0.045444537,1,1,1,0.98,muon
842,0,13,muon,1,1643.6783,19,35.45460213720985,95.44163339909211,33.65778752458381,1520.0,14233.0,15753.0,1639.717754651835,68.11904,0.04144305,1,1,1,0.55,muon
343,1,13,muon,1,1610.7299,27,491.2062977663372,170.5377689537355,3200.3322567735563,1290.0,12303.0,13593.0,18711.09338819908,142.82758,0.088672586,2,0,2,0.38,muon
511,0,13,muon,1,2128.1128,24,2858.6464515442076,127.25822705528557,3580.6764867911847,1840.0,14393.0,16233.0,23367.557233689335,71.026505,0.03337535,1,1,1,0.77,muon
347,0,13,muon,1,3388.933,43,1009.8985151738236,27.80151551500474,2438.053269289938,3360.0,14713.0,18073.0,13121.339921494853,113.41845,0.033467304,1,1,1,1.0,muon
883,2,22,non-muon,0,1974.8822,12,133.85682711947842,10.870804096409731,755.8712782241425,770.0,12083.0,12853.0,8501.777113268123,13.441655,0.0068063075,2,0,3,0.02,non-muon
144,0,2112,non-muon,0,1030.293,18,372.76608318055685,129.28523350690108,530.0217564826632,1015.0,12578.0,13593.0,13288.78888157912,58.396973,0.056679968,1,1,1,0.14,non-muon
762,2,-211,non-muon,0,1658.8304,22,1071.7853059440554,150.07610031446524,2509.7358094343417,1565.0,12908.0,14473.0,131336.59793889427,42.86626,0.025841255,3,0,3,0.46,muon
706,1,2112,non-muon,0,1652.1772,16,56.537829088418604,167.7108407332093,657.4820357129868,1360.0,15193.0,16553.0,5098.311062726641,26.951237,0.016312558,2,0,2,0.02,non-muon
682,1,2212,non-muon,0,715.9046,12,110.5014616797678,46.76690285655279,139.82853506590612,495.0,12028.0,12523.0,6092.2304600921225,38.703568,0.054062463,2,0,2,0.04,non-muon
196,0,13,muon,1,2209.3367,35,278.62033167228293,14.754153590815497,1510.3630601996076,2140.0,12413.0,14553.0,23546.450233714648,183.24329,0.08294041,2,0,1,0.57,muon
1218,1,-211,non-muon,0,1268.2976,20,1796.2426037233247,104.59502311500577,1894.7208168666973,1200.0,15993.0,17193.0,27657.105990089378,73.475655,0.057932504,2,0,2,0.56,muon
211,0,13,muon,1,5376.8677,76,62.666381645576315,9.714229897652915,1513.6440133646329,5200.0,11753.0,16953.0,143921.0604326438,188.10439,0.034984007,1,1,1,0.98,muon
688,1,13,muon,1,1720.5651,28,383.61385987681246,28.393097215446414,1312.9076962270967,1650.0,11698.0,13348.0,120487.40982525515,45.481483,0.026434038,2,0,2,0.25,non-muon
595,1,2112,non-muon,0,1393.9154,16,34.65863715979814,166.39522127261654,1231.5997966365867,1040.0,13993.0,15033.0,36654.637534032794,41.385376,0.02969002,2,0,2,0.15,non-muon
791,0,13,muon,1,1620.4607,15,1103.2495999675043,22.174660533496873,3007.194501432887,1120.0,14073.0,15193.0,2116.3160826671065,48.0915,0.02967767,1,1,1,0.69,muon
1244,1,13,muon,1,748.82715,15,106.2937519288643,16.49887066599133,368.20008912537423,660.0,12743.0,13403.0,3128.2090616295914,35.870895,0.04790277,2,0,2,0.02,non-muon
846,1,211,non-muon,0,970.3702,14,1620.2677931699875,9.361090860054157,9585.537481396525,960.0,17193.0,18153.0,6366.136745302776,30.566833,0.03150018,2,0,2,0.56,muon
1176,1,13,muon,1,2305.9885,42,2255.2388722982564,93.77822380589932,2376.921993514904,1980.0,11533.0,13513.0,17901.640345718813,84.35626,0.03658139,2,0,2,0.59,muon
355,0,130,non-muon,0,2171.2964,16,64.57297355992095,4.286455825170298,1401.9984203496672,1040.0,14953.0,15993.0,5262.0213576842725,40.724945,0.01875605,1,1,1,0.06,non-muon
721,1,-211,non-muon,0,2020.8232,22,1773.886882384924,27.460463052891356,3900.0248122795997,1440.0,15433.0,16873.0,49719.95008577692,41.406437,0.020489886,2,0,2,0.34,non-muon
693,0,13,muon,1,4138.4214,51,1162.334007258101,119.52146260448069,1618.243137156822,4080.0,13513.0,17593.0,31339.51549132392,117.851135,0.028477317,1,1,1,0.99,muon
961,1,211,non-muon,0,1626.414,13,57.17094332266984,174.02607371527245,1481.202148786575,960.0,14953.0,15913.0,6824.1554771628225,74.588165,0.045860507,2,0,2,0.16,non-muon
148,0,2212,non-muon,0,1695.4457,16,1356.1132097841705,95.34277290303146,1397.0140835073078,1360.0,15273.0,16633.0,29442.096736638887,43.189453,0.025473805,1,1,1,0.43,muon
1142,1,-211,non-muon,0,1600.0,14,111.77714967286835,17.711784773765306,788.5804932736692,1600.0,15113.0,16713.0,145991.82065183533,26.470245,0.016543902,2,0,2,0.02,non-muon
1250,1,211,non-muon,0,2006.2626,16,71.18760592913259,178.2984414877081,756.0271658524206,1680.0,16153.0,17833.0,8761.135409685883,24.346645,0.012135323,2,0,2,0.01,non-muon
707,0,13,muon,1,2035.452,34,133.7563612740389,39.182930698003794,383.0627359588189,1870.0,11533.0,13403.0,22625.420917396706,125.33548,0.06157624,1,1,1,0.77,muon
723,1,211,non-muon,0,1328.1224,19,1.240331252470536,43.13816566035238,80.86015117264232,1100.0,12083.0,13183.0,1842.0966691913093,23.169825,0.01744555,2,0,2,0.08,non-muon
583,0,13,muon,1,2008.4696,28,540.7512359322172,171.8319905464285,3891.409335479127,2000.0,15113.0,17113.0,12514.497607119265,103.25579,0.051410183,1,1,1,0.99,muon
1073,1,211,non-muon,0,1480.1002,17,182.880882213808,154.50147727617014,440.7084982573388,1440.0,14153.0,15593.0,484.92356950378115,46.988853,0.031747077,1,1,1,0.65,muon
1357,0,321,non-muon,0,1077.2455,17,100.36243069042119,173.70356426765633,654.0061884044594,1040.0,15753.0,16793.0,2576.696052681696,39.03171,0.036232885,2,0,1,0.2,non-muon
1335,1,2212,non-muon,0,1332.6439,16,25.64283246830273,3.9400675002354815,1654.8140539927804,715.0,12743.0,13458.0,10420.506056236554,27.037216,0.020288402,2,0,2,0.0,non-muon
1107,1,-211,non-muon,0,1998.0964,15,19.47216965553098,21.7358965932798,252.83064410432118,1500.0,13293.0,14793.0,29666.69438695495,27.989079,0.014007872,1,1,2,0.01,non-muon
0,1,13,muon,1,1715.9319,22,658.9577333980125,171.17022192728834,2026.7155071688483,1520.0,15273.0,16793.0,147343.08851600185,49.127827,0.028630406,2,0,2,0.77,muon
449,1,22,non-muon,0,2165.0518,15,40.798759785561245,0.5878084397191039,2475.790754352648,960.0,16553.0,17513.0,12031.26067146409,34.296867,0.01584113,1,1,2,0.15,non-muon
597,1,-211,non-muon,0,1600.4918,16,13.904841557761397,2.8222309489500845,901.3266155342092,935.0,11973.0,12908.0,4084.158506696768,29.829102,0.01863746,2,0,2,0.02,non-muon
149,0,13,muon,1,4218.867,51,2.7882267105558705,63.33835401942209,416.3979266706281,3500.0,12413.0,15913.0,34226.975991939114,116.49383,0.027612586,1,1,1,0.98,muon
314,1,13,muon,1,679.0393,11,155.21849793326223,176.05240895944755,2210.7598748076343,440.0,11533.0,11973.0,1014.966135404769,46.97634,0.06918059,2,0,2,0.25,non-muon
696,0,13,muon,1,2572.6902,44,556.374224695522,177.2128327782064,11276.377826632255,2405.0,11588.0,13993.0,7498.442966269573,114.68786,0.044578962,2,0,2,0.89,muon
724,1,2212,non-muon,0,1538.6279,10,1001.6745720808842,5.787019551616716,9875.11489225461,800.0,15833.0,16633.0,2156.4045879322503,52.3255,0.034007896,2,0,2,0.51,muon
723,0,13,muon,1,2288.8887,34,1.240331252470584,179.1129837252879,1013.1963586659689,2045.0,12908.0,14953.0,9808.798491789252,73.92376,0.03229679,1,1,1,0.77,muon
1139,0,13,muon,1,3231.59,36,1619.5314562810727,94.5819434028146,1768.29095025879,2880.0,14633.0,17513.0,114156.76694205402,67.354416,0.0208425,1,1,1,0.73,muon
385,0,13,muon,1,2517.5952,24,222.4843823881813,6.388924906898435,1374.142891889271,2160.0,16073.0,18233.0,57382.01130727902,39.534054,0.015703103,1,1,1,0.37,non-muon
590,1,211,non-muon,0,1042.5167,14,1798.0979918172127,55.05928389975412,2270.8966814729747,960.0,16713.0,17673.0,24632.6938735475,29.090565,0.027904171,2,0,2,0.66,muon
1256,2,-211,non-muon,0,1765.721,17,112.55003078748251,9.023039550743688,750.2916593774454,825.0,11863.0,12688.0,7556.823739960904,63.01733,0.03568929,2,0,3,0.09,non-muon
932,1,2212,non-muon,0,2485.7283,10,1690.8538568844854,23.60722788159395,4190.693388001279,385.0,12468.0,12853.0,2030.5180843908431,38.858128,0.015632492,1,1,3,0.23,non-muon
878,1,13,muon,1,1782.1208,21,349.1705823452687,91.46145866824529,311.85219177210246,1520.0,15993.0,17513.0,1795.463982773662,59.24683,0.033245124,2,0,2,0.69,muon
32,2,13,muon,1,1001.2094,14,3301.2724977598623,112.40651177900291,3551.168435337726,880.0,15033.0,15913.0,979.0912082440536,31.192194,0.031154515,3,0,2,0.43,muon
577,0,13,muon,1,4138.0684,49,2263.4936388917827,41.62130794972486,3760.6096085373183,3760.0,14153.0,17913.0,75464.06382016587,119.73716,0.02893552,1,1,1,0.96,muon
903,1,-211,non-muon,0,1047.1697,18,41.76087879372779,6.561478026697707,284.53813102230976,990.0,11753.0,12743.0,5376.534602287979,35.66716,0.034060534,2,0,2,0.06,non-muon
880,1,13,muon,1,1154.3223,17,64.91934892416917,146.99195412246033,163.6243601974701,1120.0,13993.0,15113.0,7240.38042076549,32.554623,0.02820237,2,0,2,0.12,non-muon
721,0,13,muon,1,3266.2888,52,1773.8868823849248,162.79814818119527,6368.485384081023,3225.0,11808.0,15033.0,16189.929200874514,140.75333,0.04309274,1,1,1,0.97,muon
1159,1,211,non-muon,0,1979.9014,12,797.9231082458605,95.68669561758314,816.2292841817489,440.0,12963.0,13403.0,842.0102336288369,47.231876,0.023855671,1,1,2,0.28,non-muon
669,1,13,muon,1,932.11053,13,1680.8783811522833,29.148473174827398,3459.175501043685,880.0,14953.0,15833.0,73.99989917720985,54.706722,0.05869124,2,0,2,0.71,muon
1045,1,22,non-muon,0,1190.5146,7,110.62171095998951,175.61012877200568,2263.431690980601,880.0,12248.0,13128.0,12447.048785338453,16.541807,0.013894669,2,0,2,0.02,non-muon
765,0,13,muon,1,2306.5798,28,60.51156781868572,23.03021346822755,590.8488363203776,1760.0,14953.0,16713.0,16876.371340694444,48.602726,0.021071339,1,1,1,0.63,muon
5,0,13,muon,1,1280.1222,18,540.6219828641277,170.23025699034451,3198.3449154232303,1280.0,14793.0,16073.0,91.58478248106161,47.428032,0.037049614,1,1,1,0.76,muon
1169,0,13,muon,1,3797.4363,54,1648.7527135219134,133.92127170117524,2333.7953476242833,3655.0,11698.0,15353.0,17692.825056046455,115.324974,0.030369166,1,1,1,0.98,muon
663,2,2212,non-muon,0,1198.3073,17,1101.1790667221142,162.97189289764322,3933.6474709791046,990.0,11698.0,12688.0,9129.443343558127,41.861526,0.034933884,3,0,3,0.12,non-muon
898,1,13,muon,1,1213.6718,11,440.2832172735384,13.706257964218686,2099.688851186112,640.0,15673.0,16313.0,12184.14759853526,30.511139,0.025139531,2,0,2,0.38,muon
398,0,-13,muon,1,1593.3951,30,169.93775418782778,1.69548365205283,5192.326369695309,1540.0,11478.0,13018.0,11227.19009388619,58.588722,0.036769737,1,1,1,0.45,muon
374,0,13,muon,1,1644.5394,21,114.79100010446706,163.95754634490524,525.0701827429033,1360.0,14553.0,15913.0,6942.160739705713,71.76974,0.04364124,1,1,1,0.73,muon
1230,1,13,muon,1,1958.1105,18,1033.1646341740322,9.097410603207361,6673.9729318730715,1280.0,16633.0,17913.0,5946.750859745474,67.611435,0.03452892,2,0,2,0.75,muon
500,0,-211,non-muon,0,1445.3119,21,343.55323927866255,66.81263733375714,640.7934711847481,1440.0,16633.0,18073.0,47191.56147197506,28.088472,0.019434195,2,0,1,0.18,non-muon
583,1,13,muon,1,1381.7944,14,540.7512359322171,168.41660257683714,2764.0190924582157,1120.0,16873.0,17993.0,3393.424633247779,39.82788,0.028823303,2,0,2,0.74,muon
1192,1,-13,muon,1,1322.9586,23,152.6755038591593,137.72098913858017,241.99687008701935,1320.0,12028.0,13348.0,242.79517040657478,65.67193,0.049640197,2,0,2,0.24,non-muon
1145,0,2212,non-muon,0,525.65247,11,47.39909460508601,8.681895347212022,349.20918076843975,495.0,12303.0,12798.0,461.06952234787235,128.2843,0.24404775,2,0,2,0.13,non-muon
370,0,2112,non-muon,0,1428.3849,20,90.97062466757816,5.515743415762183,708.4614802143349,1290.0,13183.0,14473.0,6326.488819934415,72.159874,0.05051851,2,0,1,0.28,non-muon
1281,0,13,muon,1,4068.0276,51,1.15454357942471,34.53472194757382,536.8796725522413,3940.0,12853.0,16793.0,12890.840579564649,197.83894,0.048632644,1,1,1,0.99,muon
630,1,211,non-muon,0,2586.6401,13,60.8229034482927,9.886497191007182,487.83070675678516,930.0,12743.0,13673.0,11630.820193861275,91.865585,0.03551541,1,1,2,0.33,non-muon
1227,1,13,muon,1,1667.1847,31,854.3850269791004,25.17213505010698,1888.570214598983,1645.0,12028.0,13673.0,4032.2842790101795,93.18945,0.055896297,2,0,2,0.44,muon
1081,2,211,non-muon,0,905.22986,13,54.27565655146833,128.46184570599758,80.76400519653423,880.0,15433.0,16313.0,2659.014788711992,8.782855,0.009702348,3,0,3,0.03,non-muon
521,1,2212,non-muon,0,1905.9508,15,319.6576746245261,167.86804033533414,1318.0392453056365,735.0,13018.0,13753.0,3693.140315994865,41.53508,0.021792315,1,1,2,0.2,non-muon
988,1,22,non-muon,0,1366.249,17,17.662911955213964,177.21072577649034,1428.1835997072913,1285.0,12468.0,13753.0,3024.907503337944,20.578934,0.015062359,2,0,2,0.0,non-muon
131,1,22,non-muon,0,1787.189,22,100.47892963320822,177.70754124514048,1818.7783521551128,1785.0,11808.0,13593.0,47649.39791476551,27.197165,0.015217845,2,0,2,0.06,non-muon
431,0,2212,non-muon,0,1055.4788,10,2629.6156501381943,19.753392490737504,7897.519091382722,385.0,12248.0,12633.0,1923.4613810763178,72.854904,0.06902546,1,1,2,0.48,muon
1353,2,-211,non-muon,0,3056.198,16,2454.39789347216,129.45225089598972,3105.898576427345,1260.0,13293.0,14553.0,12563.305866808769,44.856693,0.014677286,1,1,3,0.28,non-muon
958,1,-2212,non-muon,0,2099.0657,14,18.958330816845525,176.61828124896508,1529.1306948983356,880.0,16153.0,17033.0,5289.492054530199,27.990797,0.013334884,1,1,2,0.07,non-muon
1364,1,211,non-muon,0,1066.1571,13,1215.060096647796,152.2374431582421,2653.188006140776,1040.0,16233.0,17273.0,8773.396091358187,66.3016,0.062187456,1,1,1,0.52,muon
1304,0,13,muon,1,2550.988,37,97.28881244143433,46.582914725141706,274.2593636042036,2300.0,12413.0,14713.0,13480.8877714218,122.03327,0.04783765,1,1,1,0.95,muon
1270,1,-211,non-muon,0,1173.4978,9,35.22389704988305,175.92818064523226,678.4876908213797,800.0,16073.0,16873.0,40369.041316639625,44.21814,0.037680633,2,0,2,0.17,non-muon
230,0,-211,non-muon,0,2798.0784,28,7.907110079399859,5.590455511126421,1566.723256098206,2160.0,15273.0,17433.0,11837.034936887212,55.994347,0.020011716,1,1,1,0.59,muon
1033,1,13,muon,1,1301.1848,11,2360.72368647904,108.55794491076955,2468.553062605581,640.0,13833.0,14473.0,10209.945330436745,29.84816,0.022939216,2,0,2,0.36,non-muon
1039,0,13,muon,1,2729.5784,34,1777.6494996661565,156.23437551722606,4461.251397285123,2110.0,12523.0,14633.0,2896.7503920333465,137.54549,0.050390746,1,1,1,1.0,muon
104,0,-13,muon,1,4241.536,54,71.43390147642025,164.99294994396928,248.47565130676892,4135.0,11698.0,15833.0,3820.963812751361,135.93607,0.03204878,1,1,1,0.99,muon
409,0,-211,non-muon,0,2183.4097,14,62.9397460858873,169.02894104439764,608.6432340439652,1200.0,16553.0,17753.0,9235.308643712637,23.03612,0.010550526,1,1,1,0.04,non-muon
1044,1,13,muon,1,1800.656,19,509.3279495556489,174.02123745657534,4712.565118697483,1280.0,14233.0,15513.0,8090.770221234172,37.78369,0.020983292,2,0,2,0.33,non-muon
820,0,13,muon,1,2500.3484,37,17.548529563217528,179.4313475546925,192.37683144117838,2480.0,13673.0,16153.0,378.8656985185774,69.08769,0.027631227,1,1,1,0.81,muon
205,2,2212,non-muon,0,1262.5052,9,132.7636088277552,74.9761705543785,151.75002610221713,1120.0,15353.0,16473.0,623.2363612518785,27.37101,0.021679917,2,0,2,0.23,non-muon
889,0,211,non-muon,0,1638.7246,22,53.56043017694126,9.690519791558547,770.9699535999623,1250.0,12743.0,13993.0,14293.545532542117,46.922543,0.028633574,1,1,1,0.34,non-muon
1316,0,13,muon,1,3533.2065,43,62.846193623259225,11.774292986590368,1993.53796945104,3200.0,14473.0,17673.0,60800.625784458585,99.16103,0.02806545,1,1,1,0.88,muon
262,0,2112,non-muon,0,2227.0706,17,67.62668269619311,1.9073004572975845,2204.8989441460085,1040.0,14873.0,15913.0,6066.221849067982,51.841698,0.023277977,1,1,1,0.21,non-muon
1129,0,2212,non-muon,0,1240.7183,19,134.98022449926788,136.36525090554318,223.24017278064343,1195.0,12798.0,13993.0,174.407687265733,66.49838,0.053596683,1,1,1,0.43,muon
1319,1,13,muon,1,1479.9402,19,420.7578245484132,112.66724240508535,488.3847132794396,1360.0,14073.0,15433.0,424.379499323131,42.582348,0.02877302,2,0,2,0.6,muon
753,1,211,non-muon,0,919.3875,9,252.112497232673,6.0166562955774365,2205.3701584655287,880.0,15193.0,16073.0,1126.1968898596579,16.242693,0.017666863,2,0,2,0.08,non-muon
1199,0,13,muon,1,5976.7026,82,1894.0419101474047,1.9352155607569832,55428.946867448634,5970.0,11863.0,17833.0,8176.481645692927,207.41785,0.034704395,1,1,1,0.99,muon
948,2,2212,non-muon,0,747.2778,14,408.2794968050409,150.393373925478,792.3112853134685,720.0,14313.0,15033.0,12851.986623694711,127.56604,0.17070766,3,0,3,0.25,non-muon
543,0,211,non-muon,0,1209.0334,23,63.62744712732551,154.92819254010973,290.48070492777646,1100.0,11533.0,12633.0,17253.59704335708,38.599453,0.031925876,1,1,1,0.37,non-muon
21,0,-211,non-muon,0,1919.707,31,372.0006618060671,45.561630212876544,400.1805037444262,1810.0,11863.0,13673.0,8842.92151963559,64.448296,0.033571944,1,1,1,0.52,muon
446,0,13,muon,1,2645.0305,34,185.62427438322723,1.8239812590067643,4648.46701936921,2640.0,15353.0,17993.0,1009.3142782236141,70.88187,0.026798127,1,1,1,0.98,muon
403,1,22,non-muon,0,1148.9099,14,33.16604797297268,11.262135910682199,215.9726492142579,900.0,12853.0,13753.0,1516.3339112664319,15.657764,0.0136283655,2,0,2,0.01,non-muon
575,0,13,muon,1,4502.8213,57,98.92680202730288,3.996664781927311,284.2332413725632,4495.0,13018.0,17513.0,11184.386585158025,147.03784,0.032654602,1,1,1,1.0,muon
1297,0,2112,non-muon,0,2815.2637,20,2943.2048004116964,33.93094462268089,5304.140298862645,1040.0,13673.0,14713.0,10932.531351589523,24.688972,0.008769684,1,1,1,0.22,non-muon
935,0,13,muon,1,5502.7593,84,83.3639771514885,20.07148166404325,1015.4060164225072,5460.0,11973.0,17433.0,44789.40790532846,241.205,0.043833464,1,1,1,0.98,muon
777,1,13,muon,1,1907.3407,25,531.2768921579313,175.55500961271468,5195.388955796893,1760.0,13673.0,15433.0,5527.873274686676,59.82187,0.03136402,2,0,2,0.9,muon
388,0,22,non-muon,0,1198.1013,15,146.7246584768437,178.37415486841198,6220.046765436258,1100.0,11753.0,12853.0,12642.022236002878,25.140543,0.020983653,1,1,1,0.13,non-muon
175,1,2212,non-muon,0,1340.9199,20,251.68966341865456,160.52293136998532,436.28144226722077,1210.0,11753.0,12963.0,36482.0408361788,96.75495,0.072155654,2,0,2,0.21,non-muon
1291,0,-211,non-muon,0,1289.4569,15,21.531934950887003,153.65998083077565,314.3396399831475,975.0,13018.0,13993.0,7606.328170985346,11.262425,0.008734239,1,1,1,0.04,non-muon
372,2,211,non-muon,0,1319.8356,10,169.70387975423887,9.759051906759918,986.2293635691152,1200.0,14473.0,15673.0,2817.518946719493,35.1465,0.026629454,2,0,2,0.31,non-muon
698,1,211,non-muon,0,1291.6433,22,1155.4785434156597,14.198144044565813,4684.098083378905,1100.0,11643.0,12743.0,1726.356970542038,57.67203,0.044650123,2,0,2,0.36,non-muon
860,1,13,muon,1,2284.9075,27,57.05278104394573,179.7367295857593,4630.161564517488,2240.0,15673.0,17913.0,2002.7545242567867,106.34724,0.046543345,2,0,2,0.92,muon
578,0,-11,non-muon,0,1304.8181,22,43.636980148152595,176.10994095462436,425.34504782601414,1265.0,11533.0,12798.0,4362.497588651063,46.00286,0.035256147,2,0,1,0.38,muon
226,1,-211,non-muon,0,1562.8359,17,184.8346766446159,172.61881495816618,1432.0372523133508,1505.0,13128.0,14633.0,4616.995251284821,19.2536,0.012319655,2,0,2,0.05,non-muon
349,0,13,muon,1,5297.837,73,2007.4426746430695,44.746692653408815,3053.7710568160473,5235.0,11478.0,16713.0,24376.859272632497,271.856,0.051314525,1,1,1,0.99,muon
1075,0,13,muon,1,4325.2437,63,418.09306517433214,173.87456273607273,4893.022958950925,4250.0,12303.0,16553.0,6467.203233429625,170.49217,0.039417934,1,1,1,0.98,muon
220,0,3122,non-muon,0,2439.434,33,97.75999391380114,34.2567665820843,1446.3086456139374,2320.0,14073.0,16393.0,245289.0986011738,59.64969,0.024452265,1,1,2,0.55,muon
474,0,13,muon,1,1041.7971,16,532.2945630859814,168.7784563443997,2735.636888526985,960.0,16633.0,17593.0,6212.996594445627,79.67431,0.07647776,1,1,1,0.5,muon
71,1,13,muon,1,1741.9073,24,138.0535708891492,14.928601241952581,1364.4684317165031,1200.0,12633.0,13833.0,29649.288334135956,79.87853,0.045856934,2,0,2,0.26,non-muon
296,0,13,muon,1,1955.08,31,93.37292784797,47.09205358921557,67.71628639741238,1955.0,12358.0,14313.0,521.1899456191671,90.97498,0.046532616,1,1,1,0.74,muon
1269,1,211,non-muon,0,887.8094,15,225.95963787778447,134.45537101622224,272.4496617797573,770.0,12413.0,13183.0,1680.5660978888102,29.132166,0.032813538,2,0,2,0.0,non-muon
1266,1,13,muon,1,1095.7982,13,578.532709695955,85.60805020797198,581.1638117579298,800.0,16073.0,16873.0,1017.5781829347011,36.302486,0.033128805,2,0,2,0.39,muon
869,2,211,non-muon,0,1037.8417,15,641.8648919930243,162.5254473460351,2000.5894894238331,715.0,12798.0,13513.0,2484.997994610676,51.777843,0.049889926,3,0,2,0.23,non-muon
1151,0,-211,non-muon,0,1775.2087,18,71.87948304188913,77.88057868929586,169.7382142395938,960.0,15193.0,16153.0,14941.34938798819,25.305521,0.014254956,1,1,2,0.12,non-muon
186,0,13,muon,1,5150.4087,68,2506.3232825430214,35.786187169405565,4185.121807795665,5055.0,12138.0,17193.0,4564.459658780245,233.74321,0.04538343,1,1,1,0.99,muon
794,1,13,muon,1,1989.9956,23,1381.7037978509754,7.008077704966089,10390.538683578035,1760.0,13593.0,15353.0,17992.609252819475,55.35494,0.027816614,2,0,2,0.81,muon
1025,1,13,muon,1,3206.4688,33,1857.3904315994796,164.23498865998954,7174.2316015813485,2960.0,15193.0,18153.0,6692.131051517787,87.897545,0.02741257,2,0,2,0.95,muon
519,1,211,non-muon,0,1281.2639,13,4.727594115334968,132.58106141661838,67.26962742992674,1030.0,12963.0,13993.0,3985.3341497237975,24.256538,0.018931726,2,0,1,0.14,non-muon
1243,0,-211,non-muon,0,1389.0144,22,235.33284680211244,86.27012864156309,212.50429808375287,1280.0,16473.0,17753.0,73731.43099636723,23.32687,0.016793828,2,0,2,0.07,non-muon
22,0,2212,non-muon,0,1276.1035,21,60.9411123767329,168.34869246509083,1166.6022280911907,1275.0,12798.0,14073.0,28706.068248103,44.4605,0.034840826,2,0,2,0.16,non-muon
540,1,13,muon,1,1337.8296,19,1815.2306772915679,167.61952892035416,8446.27253836196,1280.0,15353.0,16633.0,238.5563678908332,74.62377,0.05577973,2,0,2,0.7,muon
10,2,2212,non-muon,0,907.84125,13,473.3447261096589,163.06141287987438,2332.685513661245,880.0,14553.0,15433.0,29943.53002585412,19.956745,0.021982638,3,0,3,0.22,non-muon
1181,0,2212,non-muon,0,1047.3425,11,84.3660888671875,7.75664637351097,625.8098056078272,1040.0,14553.0,15593.0,716.2657325679182,18.350946,0.017521437,1,1,1,0.09,non-muon
608,0,211,non-muon,0,2065.93,32,65.60466838695307,7.339294057352695,910.6606078074358,2055.0,11698.0,13753.0,9700.500255258987,72.83607,0.035255827,1,1,1,0.43,muon
210,0,13,muon,1,2571.94,32,155.89275772823416,3.4070899720223213,1415.7765361144084,2400.0,14313.0,16713.0,109476.3278964732,58.66568,0.022809895,2,0,1,0.53,muon
1151,1,-211,non-muon,0,1487.5503,16,71.879483041889,16.42876118444569,358.6472245628448,1440.0,15033.0,16473.0,56045.17602858669,32.298416,0.021712488,2,0,1,0.1,non-muon
574,0,2212,non-muon,0,1486.4941,18,212.9423015464531,70.1053666102777,206.3853961716092,935.0,12193.0,13128.0,27383.934076052603,101.86841,0.0685293,1,1,1,0.31,non-muon
811,1,13,muon,1,1526.3606,21,1668.431413356016,69.45868595535514,1853.673772775932,1440.0,14473.0,15913.0,6116.220833780488,42.92393,0.02812175,2,0,2,0.65,muon
717,1,2212,non-muon,0,374.4042,10,212.77690422674283,111.62391033830099,228.70195559031373,330.0,12523.0,12853.0,227.06079599680425,44.435333,0.11868279,2,0,2,0.15,non-muon
727,0,13,muon,1,2783.9614,41,635.9213537661446,163.89235131523654,2516.2739457241505,2680.0,12193.0,14873.0,8227.81490424187,159.19269,0.057182074,1,1,1,1.0,muon
1376,0,13,muon,1,2864.3354,38,1212.479466456079,31.545104363174612,2346.797901338133,2815.0,13018.0,15833.0,57906.34874436574,78.811554,0.027514778,1,1,1,0.87,muon
992,1,13,muon,1,1779.5206,24,1095.1349412795341,175.08632160820048,14337.292059698531,1760.0,16153.0,17913.0,16451.141589344916,92.46896,0.05196285,2,0,2,0.97,muon
968,2,13,muon,1,2142.031,22,2185.6317722830336,106.56227136809873,2286.7616238546398,2080.0,16233.0,18313.0,133.65279460376806,75.198105,0.035105985,3,0,3,0.66,muon
1049,0,22,non-muon,0,2870.5212,15,0.3468682519193961,167.7227000235374,86.5497998966352,825.0,11918.0,12743.0,7100.171580891963,17.947784,0.006252448,1,1,2,0.21,non-muon
26,0,-211,non-muon,0,1669.7648,24,57.97095025472162,2.5141345126811827,417.72281597397136,1655.0,12578.0,14233.0,6994.919069640599,54.832073,0.032838203,2,0,1,0.43,muon
191,1,2112,non-muon,0,1463.7657,12,62.87275584463381,148.98511848434083,507.18926972103304,960.0,15833.0,16793.0,34928.487312057165,29.450804,0.020119889,2,0,2,0.03,non-muon
472,1,2212,non-muon,0,1976.1738,26,330.82077334533835,145.35840952376174,744.984627529246,1920.0,14233.0,16153.0,11958.456987316591,92.58813,0.04685222,2,0,2,0.85,muon
642,0,-211,non-muon,0,786.2796,18,360.0568202142702,70.4587737935347,679.1205372367405,770.0,11918.0,12688.0,26155.58865189038,33.545654,0.04266377,2,0,2,0.07,non-muon
375,1,-211,non-muon,0,1879.6586,14,51.52138229534717,2.0053885470640562,1605.2233596910462,1040.0,16153.0,17193.0,5902.397212064236,35.917557,0.019108554,1,1,2,0.09,non-muon
1178,1,2112,non-muon,0,2525.8787,19,752.040918705332,11.212727326872935,3859.9582509122893,1360.0,13913.0,15273.0,9176.489854796862,61.400513,0.024308575,1,1,1,0.49,muon
1183,0,13,muon,1,3290.233,49,154.9642512261345,161.49449610704426,758.6743674388297,3035.0,11918.0,14953.0,4766.5154489378765,160.2179,0.048695,1,1,1,0.97,muon
775,0,13,muon,1,6560.6367,96,107.0545391960731,1.0680630073789072,6838.785846284197,6510.0,11643.0,18153.0,17061.39595725597,281.01782,0.042833924,1,1,1,0.96,muon
27,0,13,muon,1,2852.5374,28,636.1423477337797,159.9918260655665,1738.1385172268192,2400.0,14633.0,17033.0,3916.6195920453465,123.80574,0.04340197,1,1,1,0.99,muon
1088,0,13,muon,1,2362.642,29,448.3621933527481,174.85052102687817,4766.127129275844,2160.0,15353.0,17513.0,1201.5559018688866,120.7312,0.05110008,1,1,1,0.98,muon
647,0,2112,non-muon,0,1730.7104,33,83.39581192711051,62.34023543059956,430.33752598451036,1690.0,12303.0,13993.0,39278.47641127076,97.460846,0.056312624,2,0,1,0.42,muon
265,1,13,muon,1,1107.7301,13,15.34576879486674,153.44969337784894,108.2564338098,1045.0,11753.0,12798.0,654.3603199918782,20.206411,0.018241277,2,0,2,0.0,non-muon
272,0,11,non-muon,0,1259.388,18,100.66888058797865,170.71013511492004,1114.8273684598585,1200.0,16233.0,17433.0,14750.73044857808,57.95163,0.04601571,2,0,1,0.36,non-muon
10,0,13,muon,1,5396.769,52,784.8487105437083,55.83552534687013,916.7114124249671,5385.0,12688.0,18073.0,26951.137275962956,199.0204,0.036877695,1,1,1,1.0,muon
174,0,321,non-muon,0,1452.0881,26,3.960215493230693,122.43235549708879,264.35890455301035,1430.0,11533.0,12963.0,25527.39093000846,91.638504,0.06310809,1,1,1,0.52,muon
845,2,22,non-muon,0,992.52435,14,311.6613623443689,24.89426419926825,558.6696847141752,990.0,12193.0,13183.0,7452.211785651851,15.315788,0.015431146,3,0,3,0.0,non-muon
1110,1,-321,non-muon,0,3267.4456,23,142.3557859134128,7.474023664734862,1427.6604216733906,2160.0,15513.0,17673.0,9579.322815337986,45.502205,0.013925926,1,1,1,0.5,muon
557,0,13,muon,1,3915.3257,46,83.11903768421651,4.377668837405869,177.31370806149138,3760.0,13753.0,17513.0,9403.94915303182,108.549065,0.027724147,1,1,1,1.0,muon
295,1,2212,non-muon,0,1134.2905,12,929.5799783616151,43.60695007357126,1351.4967300771661,480.0,16153.0,16633.0,14238.599770018693,25.327429,0.022328872,3,0,3,0.27,non-muon
1305,0,13,muon,1,1263.5752,17,1085.9677840174177,120.42391207444075,1183.5495399784722,1200.0,15433.0,16633.0,6205.508134839931,48.460896,0.038352206,1,1,1,0.66,muon
993,0,13,muon,1,1354.2148,24,92.59925719724372,129.27708718879242,698.0905390175761,1180.0,12413.0,13593.0,91187.07653943576,53.28009,0.039343897,1,1,1,0.49,muon
1311,1,2212,non-muon,0,894.27936,15,44.04761109294702,174.3939397041903,531.9270930376036,880.0,13513.0,14393.0,3142.92766412233,39.32066,0.043969102,2,0,2,0.1,non-muon
155,1,22,non-muon,0,1532.1473,17,27.037850581892297,39.59651808099664,492.5430386228919,990.0,12083.0,13073.0,47863.38509982928,12.868538,0.008399021,1,1,2,0.01,non-muon
926,1,211,non-muon,0,1212.4912,11,905.4266511269803,18.150157864134954,2990.6628557734566,720.0,14233.0,14953.0,1435.1179067251642,32.692905,0.026963416,2,0,2,0.66,muon
1057,1,-211,non-muon,0,1405.4237,14,58.83189714220136,175.00474099601516,497.8609466833478,495.0,12083.0,12578.0,2755.8150021244246,25.149286,0.01789445,2,0,2,0.04,non-muon
157,0,13,muon,1,2111.9045,33,510.6800258336136,109.87637172409705,604.2107140453581,2085.0,12468.0,14553.0,7936.167263132807,96.27769,0.045588087,1,1,1,0.83,muon
148,1,2212,non-muon,0,880.0,12,1356.1132097841705,134.63280357313354,1938.1766543719907,880.0,16633.0,17513.0,196.82633949520127,16.751543,0.019035844,2,0,2,0.17,non-muon
436,0,2212,non-muon,0,1008.9336,21,36.47005055517316,173.29177312790034,628.7446841398714,990.0,12413.0,13403.0,18903.865014220213,44.93502,0.044537142,2,0,2,0.08,non-muon
98,1,2212,non-muon,0,1544.8878,15,87.70610290746656,6.887849159664587,899.9071468177351,1045.0,12468.0,13513.0,5490.968365890415,17.351158,0.011231339,2,0,2,0.0,non-muon
1379,0,13,muon,1,2454.9207,29,735.7115617191085,142.826777528127,1183.5988857854275,2320.0,15353.0,17673.0,26708.723678902723,134.03847,0.05459992,1,1,1,0.93,muon
429,0,11,non-muon,0,2013.5928,21,6.375372244617182,11.711368980489471,1056.1489179078096,1265.0,11588.0,12853.0,20336.477656570813,52.159573,0.025903735,1,1,1,0.19,non-muon
414,1,13,muon,1,1288.3708,11,1848.3250901133588,27.47752093552595,3854.142327596454,705.0,13128.0,13833.0,27463.448434006972,23.768051,0.018448144,2,0,2,0.11,non-muon
361,1,22,non-muon,0,847.29803,10,508.45896930489135,130.0564004913602,770.5421981627604,720.0,16073.0,16793.0,11487.619243183459,7.0289354,0.0082957065,2,0,2,0.05,non-muon
1255,0,-13,muon,1,1913.8262,30,23.623450754648868,77.20948617870519,164.07581034471366,1880.0,12193.0,14073.0,15967.059251073066,50.84595,0.026567696,1,1,1,0.64,muon
1005,1,211,non-muon,0,841.84766,12,11.89855048915253,159.03961971298642,422.24334563241194,715.0,11973.0,12688.0,42852.59501926271,28.256882,0.033565316,2,0,2,0.03,non-muon
973,0,13,muon,1,1353.8754,15,2723.0801783562374,42.623708896906486,4031.2193339537835,890.0,13183.0,14073.0,13558.561535827028,52.630802,0.038874187,1,1,1,0.43,muon
1359,0,321,non-muon,0,1635.7482,20,181.8050301010255,149.99190939141374,451.76511620231753,1475.0,13238.0,14713.0,36516.702893034824,43.1673,0.026389943,1,1,1,0.48,muon
432,1,-211,non-muon,0,2087.2131,22,14.96888587796437,178.0536629752155,1224.0341206908188,1600.0,14153.0,15753.0,21022.79771339104,44.951138,0.021536438,2,0,2,0.17,non-muon
372,1,211,non-muon,0,768.6345,17,407.7614719174965,91.26501039949981,780.8166951931377,720.0,14473.0,15193.0,56286.17530872094,34.458393,0.04483066,3,0,3,0.3,non-muon
681,0,211,non-muon,0,1654.2965,27,28.75532032847022,102.16922235214565,345.7531130681694,1640.0,12193.0,13833.0,52266.482634957734,48.436386,0.029279144,2,0,1,0.27,non-muon
562,1,211,non-muon,0,1313.4891,14,37.56150904995026,2.161664592712006,660.9182392993026,1120.0,15913.0,17033.0,15910.983339920602,56.42326,0.042956777,2,0,2,0.23,non-muon
1242,2,-211,non-muon,0,1426.4989,15,1457.0017247074004,143.80009299958877,2461.1140284220933,1040.0,16233.0,17273.0,4569.837144410544,15.740215,0.011034159,1,1,2,0.1,non-muon
807,0,13,muon,1,3848.9907,58,428.96765244555723,0.3320659212822465,81407.7402686267,3630.0,11643.0,15273.0,8273.361649609757,156.39737,0.040633347,1,1,1,0.95,muon
515,1,13,muon,1,2307.8455,28,210.51078692274373,14.445838359158444,2732.9742325172333,2000.0,14793.0,16793.0,87813.53967131014,73.27962,0.031752393,2,0,2,0.75,muon
1123,0,2212,non-muon,0,1085.3728,21,369.3628384702077,15.384481937457418,2028.3206093561923,1045.0,12193.0,13238.0,26257.89954271776,41.55432,0.03828576,2,0,2,0.23,non-muon
1182,1,211,non-muon,0,1577.9167,19,297.5514620042803,160.36398147269028,842.0814309237325,1025.0,13128.0,14153.0,2468.824567846626,32.591015,0.020654459,2,0,2,0.16,non-muon
700,1,13,muon,1,1824.3768,24,217.12686491465644,12.034826158347364,1227.7737990272885,1760.0,13753.0,15513.0,11451.589993093186,102.318695,0.05608419,2,0,2,0.69,muon
984,1,211,non-muon,0,616.24927,11,103.07896714722428,19.480972054466132,311.9911504607377,560.0,13513.0,14073.0,895.7954225702028,32.591976,0.052887652,2,0,2,0.09,non-muon
15,0,-2212,non-muon,0,2609.7224,23,88.8177892580465,7.6754971208435725,2282.7166245367866,1320.0,12028.0,13348.0,28104.073183399578,43.228806,0.016564522,1,1,1,0.24,non-muon
90,1,13,muon,1,3181.9631,44,916.4668957188328,11.634395469113596,4893.834701911542,3120.0,14553.0,17673.0,3432.744389366683,162.50427,0.051070444,2,0,2,0.98,muon
681,1,22,non-muon,0,2272.5156,20,28.75532032846972,159.90230861439616,200.70958649684192,1530.0,12303.0,13833.0,19470.807776601458,28.32318,0.012463359,1,1,2,0.05,non-muon
725,1,13,muon,1,1461.8608,16,471.9068395375316,172.65261463989978,3471.299105169683,880.0,16153.0,17033.0,3849.999342211554,43.13453,0.02950659,2,0,2,0.64,muon
548,1,-211,non-muon,0,1791.0912,15,186.61117341047364,6.136707928769473,1957.0119273545456,1520.0,13753.0,15273.0,26378.20855319755,29.41268,0.016421653,1,1,2,0.04,non-muon
1260,1,-211,non-muon,0,2138.818,18,8.495974690343694,145.85200703494652,247.7494284623939,825.0,12578.0,13403.0,9576.334392668765,46.14721,0.021576032,1,1,2,0.17,non-muon
311,0,211,non-muon,0,1809.7802,19,636.6119470066003,145.04196894083285,1222.7193421577012,1680.0,15513.0,17193.0,73000.36452981082,15.336509,0.008474238,1,1,1,0.07,non-muon
682,0,13,muon,1,1271.0356,27,110.501461679767,95.00901047986346,161.55147904467495,1155.0,12028.0,13183.0,834.629387923254,54.834846,0.043141864,1,1,1,0.43,muon
274,0,2212,non-muon,0,2028.8761,24,6.459281006585235,176.15882887127265,635.4773786806729,1680.0,15273.0,16953.0,23030.44517314395,57.775337,0.028476523,1,1,1,0.61,muon
1244,0,13,muon,1,2407.9436,36,106.29375192886413,165.44598054666554,457.1367326827192,2215.0,12578.0,14793.0,669.0190955728734,85.549805,0.03552816,1,1,1,0.95,muon
447,0,13,muon,1,3711.3765,46,1013.6575480388174,118.80739446304047,1204.1199837241404,3680.0,13753.0,17433.0,44979.498735932924,96.488106,0.02599793,1,1,1,1.0,muon
185,0,13,muon,1,1451.2772,27,396.97538745278393,1.5621318055706876,14361.192090821294,1430.0,12083.0,13513.0,263.34823594425404,107.58275,0.0741297,2,0,2,0.56,muon
1031,2,211,non-muon,0,1265.0585,11,921.587288298108,79.01032709398977,1190.7410614871808,720.0,15433.0,16153.0,30168.684858565313,16.742247,0.013234366,3,0,3,0.05,non-muon
163,1,13,muon,1,1692.9731,24,1473.9416919750095,115.10122313424594,1636.4921681952217,1475.0,12358.0,13833.0,6357.872229158612,60.8012,0.03591386,2,0,2,0.44,muon
710,1,13,muon,1,866.7245,12,1303.7043077890173,46.30538247773288,1811.5993359156328,800.0,16393.0,17193.0,227.86363125490152,32.400227,0.037382383,2,0,2,0.59,muon
580,0,13,muon,1,1706.9987,24,1167.8923181527318,79.11929228117647,1261.7769910165725,1600.0,13673.0,15273.0,4662.158270976542,58.146866,0.0340638,1,1,1,0.88,muon
584,0,13,muon,1,2749.2073,49,172.66450291301018,122.69063820553095,628.3160044992076,2375.0,11698.0,14073.0,50266.77586671272,122.024254,0.04438525,1,1,1,0.88,muon
763,2,13,muon,1,1086.076,15,1037.929855270984,148.6412231562683,1664.988946350372,1040.0,13513.0,14553.0,24446.756744612714,55.102757,0.050735634,3,0,3,0.56,muon
189,0,13,muon,1,2662.3445,40,396.09156190412085,173.9416117874875,2947.490102944545,2535.0,11698.0,14233.0,15543.275154561594,136.29913,0.051195152,1,1,1,0.93,muon
770,1,211,non-muon,0,1434.4795,19,604.3299315547179,170.11382513919654,3826.7200796948127,1200.0,15593.0,16793.0,5689.0702792617185,47.679142,0.033237938,2,0,2,0.86,muon
920,0,2212,non-muon,0,1738.2158,22,7.901516975386138,169.64907043368981,350.83353314828247,1680.0,13513.0,15193.0,6268.548527065281,46.003277,0.026465803,2,0,1,0.44,muon
1212,2,-211,non-muon,0,865.22504,17,1356.215230893871,55.25010630314328,1660.660894003701,760.0,13073.0,13833.0,4814.065041173272,38.55627,0.04456213,3,0,3,0.14,non-muon
1140,0,13,muon,1,1517.1737,27,31.280326583625012,142.25072477971426,775.2020022226858,1165.0,12908.0,14073.0,55229.75943043657,73.27183,0.04829495,1,1,2,0.27,non-muon
453,0,13,muon,1,1101.9762,20,1845.6200174978223,114.76111533315371,2030.9237877984726,1095.0,12578.0,13673.0,65.12844882726941,32.19966,0.029219925,1,1,1,0.43,muon
382,1,13,muon,1,1312.9978,20,1267.8674665511808,13.12088888552872,5217.7644446513095,1200.0,16393.0,17593.0,4485.908421556199,71.39254,0.054373693,2,0,2,0.76,muon
61,0,13,muon,1,5434.283,75,124.3350254849641,141.25866279454988,771.9009955609819,5225.0,12688.0,17913.0,62512.9854886824,161.57053,0.02973171,1,1,1,0.96,muon
637,1,211,non-muon,0,2032.8579,23,118.66818440032934,4.389748104976343,2253.7260614063557,1930.0,12303.0,14233.0,4261.013757384364,27.435337,0.013495944,2,0,2,0.16,non-muon
412,0,13,muon,1,3561.0881,49,1703.6370157523138,91.63662531231567,1644.1512252288112,3540.0,12853.0,16393.0,9217.69453683532,153.47188,0.043096904,1,1,1,0.99,muon
318,0,-211,non-muon,0,2642.5195,35,23.661358540684805,124.9206491592134,460.1398503216321,2615.0,13458.0,16073.0,33576.77057517284,99.72638,0.037739128,2,0,1,0.7,muon
1079,2,22,non-muon,0,937.5739,10,806.1178317822871,45.71648361867599,1158.3614290819246,715.0,12468.0,13183.0,1280.0771046133646,21.404203,0.02282935,3,0,3,0.13,non-muon
1288,1,-11,non-muon,0,1185.1296,15,15.67021245663981,172.60365675184698,326.4191921895541,1145.0,12688.0,13833.0,1807.2225440384886,23.393148,0.019738894,2,0,2,0.08,non-muon
197,0,13,muon,1,2370.0376,23,1917.5925454130336,115.78334814238289,2081.7592965298777,1920.0,15193.0,17113.0,7569.992800646281,52.897987,0.022319471,1,1,1,0.81,muon
371,1,211,non-muon,0,1945.9132,15,74.5807700150545,5.245311339171794,1240.4745339409735,1040.0,14153.0,15193.0,7787.47281211029,24.381634,0.012529662,2,0,2,0.02,non-muon
1067,1,13,muon,1,564.4507,8,1659.8967856916604,39.857210299756616,2585.75109767503,560.0,16953.0,17513.0,127.5460931921846,37.681755,0.066758275,2,0,2,0.75,muon
1029,1,13,muon,1,3238.9136,44,136.63316929985209,176.8277428045639,2975.4659879971628,3235.0,11478.0,14713.0,1445.6079687337092,190.36632,0.058774743,2,0,2,0.86,muon
235,0,22,non-muon,0,2516.0098,27,71.47836414944102,178.43199268442496,8791.780577024052,1485.0,11533.0,13018.0,14804.573530169924,54.70035,0.021740913,1,1,1,0.37,non-muon
315,0,13,muon,1,2564.8787,34,347.4291014224056,2.8698472650784375,5261.156336124421,2480.0,15353.0,17833.0,3524.5715301445634,73.03513,0.028475083,1,1,1,0.99,muon
1273,0,211,non-muon,0,1132.6023,20,75.33546168416387,49.84291119315224,166.5011744762616,880.0,17193.0,18073.0,12981.755186756634,39.625584,0.034986317,2,0,2,0.22,non-muon
870,1,22,non-muon,0,910.0583,17,26.33199574701078,93.21006019973761,261.8808597072928,880.0,11863.0,12743.0,26178.12606374477,28.158005,0.030940881,2,0,2,0.01,non-muon
260,1,22,non-muon,0,1048.7347,14,61.987403196665156,14.981835077748212,245.44612081317004,1045.0,12468.0,13513.0,54.91480821434362,14.800695,0.0141129065,3,0,2,0.07,non-muon
928,1,22,non-muon,0,720.0,12,323.07098349275697,102.51139316179578,329.6701367636985,720.0,17033.0,17753.0,359.242202911342,15.986998,0.022204163,2,0,2,0.19,non-muon
13,0,13,muon,1,5414.4062,69,9.918719485950259,174.00496026143702,468.6889891282235,5410.0,12743.0,18153.0,60203.667297439024,223.12495,0.041209497,1,1,1,0.87,muon
1305,1,13,muon,1,1119.2047,13,1085.9677840174174,144.51075150978224,1886.692189934876,960.0,15833.0,16793.0,1435.6403560057213,33.38093,0.029825581,2,0,2,0.75,muon
278,0,13,muon,1,1839.983,26,437.23815556974165,92.68113819294656,648.5562186356617,1775.0,12138.0,13913.0,59308.383917894556,50.715637,0.0275631,1,1,1,0.43,muon
661,1,2212,non-muon,0,696.81396,12,43.32231603417085,3.9806241218519642,387.7573781388495,640.0,16473.0,17113.0,10958.532173277592,33.131603,0.047547273,2,0,2,0.12,non-muon
105,0,13,muon,1,5463.9917,57,55.32923016975343,2.3163010571437055,2756.2988307611586,5365.0,11588.0,16953.0,33947.26511481997,206.805,0.037848704,1,1,1,1.0,muon
103,0,13,muon,1,1748.9265,29,167.5325012219639,53.17934190896358,283.75993437835535,1645.0,12028.0,13673.0,24438.620975101236,68.02848,0.03889728,1,1,1,0.49,muon
836,0,13,muon,1,2226.7542,32,155.63700990150008,31.280157039466022,349.1702785665125,1915.0,12798.0,14713.0,4776.919559444809,64.49104,0.028961906,1,1,1,0.93,muon
1055,1,211,non-muon,0,2386.0725,14,6.575555476926028,173.29520170300984,515.3033604925633,1040.0,14233.0,15273.0,7796.657123110684,17.71807,0.0074256207,1,1,2,0.03,non-muon
929,1,211,non-muon,0,1199.2657,15,62.307626106133085,19.241826766093002,511.671111675931,1060.0,12853.0,13913.0,17015.146806793728,13.449208,0.011214536,2,0,2,0.0,non-muon
1375,1,13,muon,1,1966.0504,19,2741.4188082248293,129.55401167147295,3691.26522358391,1360.0,13753.0,15113.0,8736.817437938204,42.89235,0.021816505,1,1,2,0.39,muon
957,0,13,muon,1,2393.528,32,478.5349305118679,70.85638575330466,636.6193976476193,2320.0,15753.0,18073.0,26222.093060145675,104.41988,0.04362593,1,1,1,0.96,muon
296,1,2112,non-muon,0,814.2964,11,93.37292784796979,7.801466509191608,683.2402293325443,735.0,13018.0,13753.0,323.3450931576795,28.201471,0.034632932,2,0,2,0.04,non-muon
1290,0,-211,non-muon,0,1560.6133,22,12.984301802017468,151.42773790627584,1229.273870247054,1520.0,13993.0,15513.0,82856.09973267851,43.15205,0.0276507,1,1,1,0.25,non-muon
7,1,13,muon,1,736.19336,10,15.409848369362157,0.22330155070729701,5886.137388090449,640.0,16073.0,16713.0,1733.8152067107003,22.663303,0.030784445,1,1,2,0.3,non-muon
1321,1,13,muon,1,1776.3519,23,1632.1762017846384,77.89484910367845,1654.7336900674395,1760.0,13673.0,15433.0,6213.481720913938,69.611176,0.03918772,2,0,2,0.8,muon
353,0,13,muon,1,2361.4307,31,484.0178700007871,175.3771216234009,4605.078623623159,2320.0,15593.0,17913.0,22149.94137798551,61.5216,0.02605268,1,1,1,0.95,muon
15,1,2112,non-muon,0,1361.9062,23,88.81778925804653,6.802401388889401,1074.0422935053302,1265.0,12138.0,13403.0,10880.233382300572,31.294775,0.022978656,2,0,2,0.07,non-muon
802,1,211,non-muon,0,860.6159,14,12.476661635780038,16.250242718026247,202.07354653330165,715.0,11588.0,12303.0,2748.6285866058583,30.092964,0.034966778,2,0,2,0.28,non-muon
564,1,-211,non-muon,0,1690.7279,10,81.4660022495214,5.239030741859367,1018.0988728664016,1280.0,15753.0,17033.0,10813.728798527367,18.459568,0.010918119,1,1,1,0.11,non-muon
1268,1,2212,non-muon,0,2511.4453,30,598.7861602254208,141.38723889114416,1221.0094344804477,2000.0,15273.0,17273.0,25267.24061165516,64.87818,0.025833005,2,0,2,0.89,muon
1024,1,2212,non-muon,0,2083.389,13,624.0697630073571,9.979455201442509,3659.025577910569,625.0,13128.0,13753.0,3115.3952607823417,73.33212,0.03519848,1,1,2,0.53,muon
1063,0,211,non-muon,0,1369.8097,19,43.89820142410393,24.128233001838204,266.92261484361444,1360.0,14313.0,15673.0,4419.898562445636,53.86397,0.03932223,1,1,1,0.47,muon
470,0,211,non-muon,0,1253.6897,24,461.57988987349773,8.191610686251714,1725.5702963273584,1235.0,12358.0,13593.0,24311.88992654432,56.817917,0.04532056,1,1,1,0.44,muon
1215,1,2212,non-muon,0,914.6821,10,36.00624110188115,178.05002835254592,1123.652807981531,700.0,13293.0,13993.0,10140.36212230256,23.344566,0.025522053,2,0,2,0.09,non-muon
1078,0,13,muon,1,1876.1644,38,18.98933726455858,90.84853086251658,347.3702678542314,1815.0,11588.0,13403.0,27735.59800462334,77.3415,0.0412232,1,1,1,0.62,muon
569,1,-13,muon,1,1091.6796,14,317.3463694651605,10.660224656169277,1643.09092955865,960.0,16793.0,17753.0,1265.3662832947568,74.38291,0.068136215,2,0,2,0.36,non-muon
267,1,22,non-muon,0,1350.422,17,959.1602122571313,143.6555850514002,1645.9908104594215,660.0,11753.0,12413.0,18304.715006750743,30.723,0.022750666,2,0,2,0.15,non-muon
927,1,2212,non-muon,0,2014.2737,20,187.32477277334365,170.94053632186328,1443.4481352405467,1155.0,12138.0,13293.0,23025.61492859361,37.834957,0.018783424,2,0,2,0.12,non-muon
390,0,13,muon,1,2393.5857,21,762.7777343994495,15.002896608322914,2930.5322775174172,1120.0,14473.0,15593.0,3236.3388800534617,54.955265,0.022959389,1,1,1,0.54,muon
947,1,13,muon,1,882.9715,11,552.365740163102,14.017503460672346,2349.161238328712,720.0,16153.0,16873.0,6305.845220041441,18.6492,0.021120954,2,0,2,0.2,non-muon
1167,1,2212,non-muon,0,1381.3,14,4.6448275768998535,7.541814193532136,738.9217357869358,1360.0,13913.0,15273.0,22548.357872595425,33.75119,0.024434365,2,0,2,0.16,non-muon
626,1,-211,non-muon,0,1512.3795,14,202.86458679031662,167.9813555410654,1017.8766872625447,1040.0,14393.0,15433.0,6361.347687424417,28.510542,0.018851446,2,0,2,0.08,non-muon
783,1,-211,non-muon,0,1368.6982,17,1750.1535661521066,30.49322918412213,3336.6638457556405,960.0,15753.0,16713.0,11929.962969637521,29.405777,0.021484485,2,0,2,0.38,muon
923,0,13,muon,1,2428.0496,36,881.336652574634,11.155075412612984,4513.04702166647,2400.0,12633.0,15033.0,1614.0150713991354,147.10204,0.060584445,1,1,1,0.98,muon
326,1,211,non-muon,0,1906.2223,13,35.68482093788486,177.77450884337583,1574.9855222681342,1520.0,14793.0,16313.0,6955.7941139067825,13.843668,0.0072623575,2,0,2,0.04,non-muon
200,0,211,non-muon,0,1215.1093,20,16.025932417420638,35.137618702463776,1050.8668699123286,1130.0,13183.0,14313.0,84012.43678238436,48.31502,0.039761875,1,1,1,0.28,non-muon
579,0,13,muon,1,3205.1267,49,480.9717772154215,81.7267207786837,535.201551757551,3065.0,11808.0,14873.0,9696.462971675604,134.02316,0.041815247,1,1,1,0.97,muon
240,1,13,muon,1,2517.1538,39,265.70989325689385,5.343283106337526,4099.073947960651,2475.0,11918.0,14393.0,12378.994606641776,135.62697,0.053881083,2,0,2,0.9,muon
1081,1,321,non-muon,0,1027.9785,14,36.627947612288125,108.36273604657873,84.07563542390257,960.0,15433.0,16393.0,2877.236224933042,45.320595,0.044087104,2,0,2,0.11,non-muon
376,0,13,muon,1,1944.1637,25,1244.3319508523737,130.74611058235914,1320.1177270868507,1840.0,16073.0,17913.0,15846.861477431325,97.78388,0.050296117,1,1,1,0.97,muon
504,0,13,muon,1,1533.3694,28,621.3616569707851,26.84070426779164,1346.5510465548086,1265.0,11808.0,13073.0,18345.306526149543,67.858604,0.04425457,2,0,1,0.39,muon
1216,1,321,non-muon,0,1409.8804,13,22.86995381575377,178.57155698211673,559.9698666653098,1280.0,13993.0,15273.0,788.0577570982156,23.968468,0.017000355,2,0,1,0.06,non-muon
873,0,13,muon,1,1858.0122,37,308.75437638356215,106.69326899063829,74.77277148124726,1375.0,12138.0,13513.0,29849.445740877058,78.38846,0.04218942,1,1,1,0.7,muon
1256,1,2212,non-muon,0,1349.99,23,461.590770998009,152.12659568563888,576.0934876409694,1320.0,11753.0,13073.0,66544.42015744833,69.498146,0.05148049,3,0,2,0.32,non-muon
1330,0,13,muon,1,4551.29,59,376.2924494291585,171.86059380679825,3477.7435955169276,4285.0,12908.0,17193.0,31236.432855562663,148.73831,0.032680474,1,1,1,1.0,muon
302,0,13,muon,1,5065.58,67,80.93080151023362,171.94068481117282,2521.1957278038903,4465.0,12248.0,16713.0,49158.948448732204,218.726,0.043178864,1,1,1,0.96,muon
289,1,13,muon,1,1820.1976,12,325.0951032352767,20.75090645387375,840.1103794216382,880.0,13913.0,14793.0,6290.972517993065,33.796265,0.01856736,2,0,2,0.11,non-muon
853,0,13,muon,1,4416.9854,60,123.5923967234266,178.13093556590778,4970.177152032907,4080.0,12633.0,16713.0,43561.13067118978,174.47835,0.039501682,1,1,1,0.95,muon
1170,1,22,non-muon,0,1129.1791,12,79.8490159151311,15.288657827607537,389.7051669449278,715.0,12743.0,13458.0,4501.153590776889,22.195063,0.019655928,2,0,2,0.0,non-muon
1338,0,13,muon,1,1734.4646,30,2454.686572790688,98.66441098680015,2527.098237557316,1705.0,11588.0,13293.0,490.56802384472024,143.30014,0.082619235,1,1,1,0.68,muon
1132,0,13,muon,1,3162.4163,43,19.690263604049786,97.04980734963281,142.35101301189513,2675.0,12358.0,15033.0,19223.857784927295,102.93812,0.032550465,1,1,1,0.99,muon
1000,0,13,muon,1,2439.8057,30,529.9519676245367,171.9972777241331,3836.6463773833993,1815.0,12578.0,14393.0,13637.411575813712,108.18411,0.04434128,1,1,1,0.8,muon
1339,1,2112,non-muon,0,662.0296,13,51.73420338905519,8.414773271092121,656.8480049882089,495.0,11973.0,12468.0,3375.0662735828614,28.499834,0.043049183,2,0,2,0.06,non-muon
872,1,13,muon,1,1447.5234,17,1601.0135662845878,16.174241769654692,5723.274866715068,1280.0,13913.0,15193.0,3885.449683625768,66.94874,0.046250537,2,0,2,0.81,muon
1175,0,13,muon,1,2970.079,39,731.8583271833149,93.06183367566177,743.7361278564343,2880.0,14633.0,17513.0,7081.129253294498,91.471214,0.03079757,1,1,1,1.0,muon
555,1,2212,non-muon,0,1372.1237,11,151.82076501512913,4.949940918110513,1121.806556309188,770.0,12083.0,12853.0,7190.4289458249195,33.695663,0.024557307,2,0,2,0.07,non-muon
1361,0,13,muon,1,3400.897,49,127.69118006112497,25.37107495291291,615.0142779651379,3220.0,12853.0,16073.0,30766.56822658428,118.026825,0.03470462,1,1,1,1.0,muon
484,2,-211,non-muon,0,1468.5658,10,64.50256841765719,4.276998956047426,1065.0938480879233,960.0,17113.0,18073.0,10359.656669152213,19.233648,0.013096892,3,0,3,0.22,non-muon
373,0,13,muon,1,3868.0496,60,1039.2972348638548,176.86606679117443,18959.698571266268,3845.0,11588.0,15433.0,5565.01986327292,164.25534,0.042464644,1,1,1,0.97,muon
943,0,13,muon,1,5466.6953,69,1221.0312405243353,52.25160870776104,1595.8868751363377,5440.0,12633.0,18073.0,33940.50339773134,183.46417,0.033560343,1,1,1,1.0,muon
195,0,13,muon,1,3627.7349,45,734.169452420565,170.61939062141363,5883.87136671846,3360.0,13753.0,17113.0,8715.872824745984,86.65667,0.023887267,1,1,1,0.95,muon
1360,0,13,muon,1,1463.3817,27,25.972701621078095,59.95760120732244,125.02441133512743,1430.0,11643.0,13073.0,7198.801477454628,127.072174,0.0868346,1,1,1,0.5,muon
1148,1,2212,non-muon,0,906.05493,11,156.6214039015038,170.2733059599694,948.1340756767529,660.0,11863.0,12523.0,437.0537823055585,26.524488,0.029274702,2,0,2,0.05,non-muon
1060,0,211,non-muon,0,2167.7224,16,276.73850645982884,3.9577985908897704,2548.643849499596,960.0,14553.0,15513.0,4183.865780872567,37.80455,0.017439757,1,1,1,0.17,non-muon
421,1,2112,non-muon,0,573.8166,14,1.23240997047527,130.2265064823258,152.61367768720754,495.0,12853.0,13348.0,26024.052884946643,82.29147,0.14341076,2,0,2,0.04,non-muon
1064,1,13,muon,1,2261.4663,30,2825.2684798852442,59.21887423461043,3474.4222034677623,2150.0,12963.0,15113.0,31979.38068508628,93.59416,0.041386493,2,0,2,0.84,muon
